order_id,order_date,product_id,quantity
ORD-479107185,2026-03-05,HXK-2031-GS,9
ORD-814714393,2026-09-21,OLY-4120-OL,7
ORD-723801197,2026-03-21,BZZ-7801-GR,8
ORD-331305027,2026-02-06,ACX-7534-WZ,1
ORD-156428693,2025-12-04,MYN-1663-IQ,5
ORD-802901013,2025-10-08,JRJ-3044-RK,7
ORD-830685604,2025-12-26,GAG-3018-XA,7
ORD-698899366,2026-09-08,QBS-2485-VZ,4
ORD-464539363,2026-05-16,GAG-3018-XA,2
ORD-953399433,2026-01-30,UKU-3036-VW,8
ORD-449120140,2026-01-07,TEU-6306-DW,1
ORD-304152439,2026-02-17,HYP-6770-TJ,9
ORD-471243246,2025-12-13,AOX-2295-KX,5
ORD-822271633,2026-06-29,RKL-1688-XW,5
ORD-655017732,2026-08-16,BZZ-7801-GR,8
ORD-469303167,2026-08-21,WBF-8296-CI,1
ORD-428366037,2026-09-12,RSJ-8290-CT,1
ORD-594920956,2026-04-05,QBC-4687-EB,1
ORD-968660016,2026-03-05,KBB-8886-NE,8
ORD-572563017,2025-11-18,JFG-4059-BT,4
ORD-206010996,2026-08-04,VAR-7973-TD,7
ORD-329207937,2026-03-16,RSJ-8290-CT,7
ORD-700233720,2026-07-09,AQO-4304-DP,1
ORD-293691639,2026-01-05,ATG-6478-FH,3
ORD-399569694,2026-09-13,JAE-3474-IK,7
ORD-215196794,2026-04-27,ZZD-5202-EU,9
ORD-947222797,2025-12-18,LDE-5561-AB,8
ORD-651941380,2026-05-15,UKU-3036-VW,5
ORD-392644277,2025-12-29,WHL-3793-KN,2
ORD-285302256,2026-07-01,RTY-1001-BP,4
ORD-405540731,2026-08-24,ULC-5064-OU,1
ORD-896632204,2026-04-20,AKW-6214-KB,1
ORD-230775197,2026-02-23,AVQ-2602-GD,2
ORD-891651984,2026-04-30,WVS-7789-BM,9
ORD-809322931,2026-01-17,VGT-2396-BC,4
ORD-169564709,2026-04-13,JPC-4038-ZD,6
ORD-350829499,2026-02-19,QSI-6450-CP,5
ORD-724982597,2025-12-07,PLS-4578-QE,9
ORD-642078246,2026-02-03,YEX-1503-ZO,1
ORD-971873728,2025-11-22,AQO-4304-DP,3
ORD-289799855,2026-04-10,RSJ-8290-CT,3
ORD-921456108,2025-12-20,VJL-8744-XN,8
ORD-711493863,2026-07-13,TEW-6083-MX,4
ORD-886580945,2025-11-23,WVS-7789-BM,7
ORD-479527366,2026-05-16,WHB-9752-TV,8
ORD-215979032,2026-05-19,DXC-6409-PR,9
ORD-740085004,2026-02-14,QBS-2485-VZ,5
ORD-113567258,2026-09-21,PIA-9520-VS,3
ORD-809581505,2026-08-23,VGT-2396-BC,8
ORD-686294003,2026-01-28,JFG-4059-BT,5
ORD-247579670,2026-05-15,YUJ-9932-TE,4
ORD-982289682,2026-01-29,LDE-5561-AB,7
ORD-163544372,2025-12-21,JAE-3474-IK,4
ORD-468471011,2026-08-17,BMN-1138-NX,4
ORD-379287324,2026-02-08,UJL-8144-FB,5
ORD-118228400,2026-02-13,MZJ-2991-QZ,1
ORD-886315979,2026-05-24,WPN-1619-JK,1
ORD-627322227,2026-05-23,DXC-6409-PR,4
ORD-148278919,2025-10-10,CEN-5905-RN,6
ORD-171452254,2026-08-02,DRP-8766-KZ,7
ORD-245868609,2026-08-28,TEW-6083-MX,8
ORD-567306597,2025-11-26,UOU-8134-LR,3
ORD-796939724,2026-02-03,DQH-3679-CN,7
ORD-510886939,2025-10-09,AMV-7840-KA,9
ORD-670518412,2026-07-27,WEZ-8309-MF,8
ORD-915062414,2025-10-21,WHL-3793-KN,7
ORD-519080223,2025-12-07,WCV-3480-ZL,3
ORD-767699890,2026-08-20,MOB-2662-PY,3
ORD-185520766,2026-02-03,FWV-4332-YB,4
ORD-123595804,2026-09-21,DWM-4266-IL,9
ORD-280726593,2026-06-25,AKW-6214-KB,2
ORD-766267721,2026-05-24,YUJ-9932-TE,3
ORD-760283691,2026-05-14,BZZ-7801-GR,6
ORD-965322792,2026-07-03,ZSW-4559-NC,1
ORD-771909159,2026-09-12,TUG-8815-OQ,8
ORD-196228011,2026-02-14,BMN-1138-NX,3
ORD-591899191,2025-12-31,WPN-1619-JK,3
ORD-889736803,2026-07-08,JFQ-2161-JM,5
ORD-962562505,2026-04-04,AQO-4304-DP,1
ORD-433680512,2026-04-18,ZZD-5202-EU,9
ORD-603496367,2026-09-28,FDW-2974-MM,9
ORD-712568954,2026-04-26,WEZ-8309-MF,1
ORD-589537927,2026-02-27,WHL-3793-KN,7
ORD-472146940,2026-04-05,TZI-9725-WZ,5
ORD-894524388,2026-10-05,BZZ-7801-GR,5
ORD-836705877,2026-07-11,XYZ-5564-JO,9
ORD-654331051,2026-02-07,BZZ-7801-GR,4
ORD-224549111,2026-05-01,LMR-3124-JD,4
ORD-729369314,2026-06-09,UKU-3036-VW,6
ORD-274537818,2026-09-06,VAR-7973-TD,6
ORD-902509171,2026-08-02,YEX-1503-ZO,1
ORD-706523847,2025-12-02,DRP-8766-KZ,6
ORD-412663542,2026-05-23,CKY-1584-BI,8
ORD-940509406,2026-03-02,TZE-7209-SJ,3
ORD-101087473,2026-07-21,CYU-9231-WQ,1
ORD-574474562,2025-11-21,PLS-4578-QE,8
ORD-813189009,2026-08-01,VJL-8744-XN,5
ORD-902387882,2026-05-18,JRJ-3044-RK,9
ORD-555136861,2026-01-16,FWV-4332-YB,9
ORD-282384550,2025-10-29,EEZ-4650-KQ,3
ORD-722434129,2025-11-15,WCV-3480-ZL,9
ORD-749662840,2026-02-23,TZE-7209-SJ,5
ORD-434360814,2026-01-18,AKW-6214-KB,5
ORD-377230217,2026-04-20,OLY-4120-OL,6
ORD-467502993,2025-12-14,TZE-7209-SJ,3
ORD-106364672,2026-07-07,VAR-7973-TD,7
ORD-487557998,2026-03-24,TUG-8815-OQ,9
ORD-541991211,2026-05-27,XYZ-5564-JO,4
ORD-116849200,2026-02-15,UJL-8144-FB,4
ORD-777432310,2026-02-12,JAW-8357-TO,8
ORD-120552994,2026-06-30,RTY-1001-BP,4
ORD-394712769,2025-12-12,XYZ-5564-JO,7
ORD-183670817,2026-05-03,WBF-8296-CI,8
ORD-646426167,2026-08-29,YUJ-9932-TE,2
ORD-302163485,2025-12-05,JRJ-3044-RK,7
ORD-781556483,2026-02-27,AVQ-2602-GD,5
ORD-569457713,2026-08-24,VJL-8744-XN,6
ORD-754648579,2026-02-02,UOU-8134-LR,1
ORD-628837259,2025-10-10,BZZ-7801-GR,4
ORD-918569666,2026-02-28,TZE-7209-SJ,7
ORD-848504506,2026-08-24,TUG-8815-OQ,8
ORD-480730684,2026-08-05,WHB-9752-TV,5
ORD-452311697,2026-08-02,AQO-4304-DP,8
ORD-660163318,2025-11-24,JFG-4059-BT,6
ORD-487643749,2025-10-07,SQJ-6851-MV,2
ORD-820906333,2026-04-21,ACX-7534-WZ,6
ORD-127261753,2026-01-29,WHB-9752-TV,5
ORD-536386698,2026-06-08,ALL-3914-AH,3
ORD-534009987,2026-08-19,MOB-2662-PY,1
ORD-274925209,2025-11-20,GTS-2961-MC,8
ORD-857324111,2026-05-28,XYZ-5564-JO,1
ORD-883626402,2026-08-03,ACX-7534-WZ,9
ORD-842158023,2026-07-05,UKF-2323-DR,7
ORD-293511246,2026-02-09,YEX-1503-ZO,2
ORD-186682559,2026-04-28,AMV-7840-KA,4
ORD-959208875,2026-01-09,JAW-8357-TO,5
ORD-940019940,2026-01-08,QBS-2485-VZ,3
ORD-912470690,2026-08-31,OLY-4120-OL,3
ORD-141447660,2026-05-25,FWV-4332-YB,9
ORD-136287853,2026-08-29,JAE-3474-IK,2
ORD-307110863,2026-05-31,QBS-2485-VZ,4
ORD-972165931,2026-03-22,UJL-8144-FB,6
ORD-803523485,2025-11-24,FDW-2974-MM,9
ORD-161379960,2026-04-22,TEU-6306-DW,6
ORD-102641931,2026-07-30,JFG-4059-BT,2
ORD-559274860,2026-05-16,CYU-9231-WQ,8
ORD-460570442,2026-08-07,MOB-2662-PY,6
ORD-783510085,2025-11-18,JAE-3474-IK,1
ORD-296064479,2026-07-01,TZI-9725-WZ,6
ORD-752274485,2025-12-15,EDT-8993-ES,1
ORD-850375837,2026-01-27,YFN-4144-LD,1
ORD-744726952,2026-07-13,CVP-4807-RY,3
ORD-484274612,2026-09-07,RSJ-8290-CT,7
ORD-157988932,2026-03-16,GAG-3018-XA,5
ORD-821895610,2026-01-27,QBS-2485-VZ,7
ORD-293988941,2025-10-17,AMV-7840-KA,4
ORD-516245525,2025-10-29,QIQ-4858-GV,2
ORD-128117723,2026-02-11,FWV-4332-YB,7
ORD-761439812,2026-06-15,PLS-4578-QE,6
ORD-590137212,2026-07-22,DQH-3679-CN,8
ORD-611672966,2025-11-04,HXK-2031-GS,9
ORD-531572441,2026-07-22,AMV-7840-KA,1
ORD-795781867,2026-04-12,JFG-4059-BT,6
ORD-484989730,2026-09-20,ZMT-4826-ZA,1
ORD-265648134,2026-09-03,UKF-2323-DR,5
ORD-139517887,2025-10-06,JFQ-2161-JM,3
ORD-688711499,2026-06-17,UJL-8144-FB,3
ORD-936794439,2026-09-08,EEZ-4650-KQ,4
ORD-770783512,2026-02-03,DXC-6409-PR,8
ORD-771988178,2026-06-11,ACX-7534-WZ,4
ORD-358009951,2026-05-26,LMR-3124-JD,3
ORD-355751295,2026-02-11,UJL-8144-FB,7
ORD-597033798,2026-02-15,CYU-9231-WQ,3
ORD-515012004,2026-04-30,PLS-4578-QE,3
ORD-726691016,2025-10-08,YFN-4144-LD,3
ORD-259857414,2025-10-13,CKY-1584-BI,9
ORD-103969408,2025-10-19,VJL-8744-XN,2
ORD-715255416,2026-05-17,VJL-8744-XN,3
ORD-823262745,2026-07-20,DXC-6409-PR,7
ORD-568434870,2026-05-01,WEZ-8309-MF,6
ORD-863650805,2026-01-04,GTS-2961-MC,6
ORD-647879406,2025-12-24,BZG-3397-DG,2
ORD-239369142,2026-03-04,ULC-5064-OU,6
ORD-203677032,2026-03-12,TZE-7209-SJ,4
ORD-605876252,2026-02-22,AQO-4304-DP,4
ORD-792847720,2026-03-31,YEX-1503-ZO,2
ORD-997199655,2026-01-06,IWF-2641-PM,9
ORD-499213586,2026-04-22,GAG-3018-XA,8
ORD-354495190,2026-01-15,THE-4063-OD,6
ORD-956922550,2026-02-26,UKF-2323-DR,2
ORD-673884934,2026-08-23,HXK-2031-GS,3
ORD-866088827,2026-02-26,FDW-2974-MM,7
ORD-884907916,2026-08-20,AQO-4304-DP,7
ORD-212548272,2026-06-24,GAG-3018-XA,8
ORD-273279433,2025-12-07,ZMT-4826-ZA,7
ORD-270734958,2026-05-10,ZZD-5202-EU,9
ORD-220812752,2026-09-12,DRP-8766-KZ,3
ORD-774959254,2026-02-13,ZMT-4826-ZA,9
ORD-908990038,2025-10-25,BZZ-7801-GR,3
ORD-876805475,2026-05-07,LDE-5561-AB,7
ORD-781206539,2025-10-21,OLY-4120-OL,7
ORD-137474578,2026-06-12,AVQ-2602-GD,7
ORD-881550781,2025-12-21,GTS-2961-MC,3
ORD-218432589,2026-05-18,DWM-4266-IL,1
ORD-562329013,2026-05-05,XNY-4376-JR,2
ORD-789229171,2026-06-23,WEZ-8309-MF,2
ORD-935151029,2026-03-10,DIV-1664-AI,9
ORD-248499303,2025-12-06,HYP-6770-TJ,3
ORD-345081028,2025-10-16,GTS-2961-MC,8
ORD-483298034,2026-08-31,EAG-6934-KP,5
ORD-869279260,2026-07-23,WEZ-8309-MF,2
ORD-961744123,2026-09-23,EDT-8993-ES,5
ORD-269994474,2026-02-08,WCV-3480-ZL,6
ORD-672445490,2026-06-17,ZSW-4559-NC,9
ORD-427751485,2025-12-30,ZSW-4559-NC,6
ORD-519043924,2026-09-18,MOB-2662-PY,5
ORD-540342794,2026-10-05,QIQ-4858-GV,3
ORD-258533918,2025-10-07,ALL-3914-AH,9
ORD-214690587,2026-06-18,JLN-1757-ET,4
ORD-739720223,2026-05-29,MOB-2662-PY,2
ORD-386344699,2026-06-15,THE-4063-OD,3
ORD-503570940,2025-11-06,TUG-8815-OQ,1
ORD-223908202,2026-08-28,DIV-1664-AI,8
ORD-441829663,2025-11-14,KFZ-3438-UO,6
ORD-727336768,2026-06-17,BMN-1138-NX,8
ORD-971972569,2026-07-16,UJL-8144-FB,9
ORD-692309166,2026-08-04,RSJ-8290-CT,9
ORD-280390111,2025-10-15,JLN-1757-ET,3
ORD-655274330,2026-03-04,ULC-5064-OU,4
ORD-570498031,2026-06-22,BZG-3397-DG,5
ORD-122730135,2026-05-09,YFN-4144-LD,3
ORD-573480088,2026-04-30,ZSW-4559-NC,2
ORD-791551126,2026-05-09,LMR-3124-JD,4
ORD-644167117,2026-08-21,ACX-7534-WZ,8
ORD-765723081,2025-11-12,WCV-3480-ZL,8
ORD-691408620,2026-05-30,ZMT-4826-ZA,5
ORD-294367001,2025-12-29,SMZ-2424-CZ,3
ORD-424757097,2026-08-13,TAG-4030-WD,8
ORD-173920625,2026-09-23,QSI-6450-CP,7
ORD-707867005,2026-09-19,PIA-9520-VS,2
ORD-385106991,2026-03-31,DPS-6493-GH,5
ORD-251474057,2026-02-14,QIQ-4858-GV,3
ORD-806991664,2026-08-18,BMN-1138-NX,3
ORD-729744129,2026-04-28,MYN-1663-IQ,1
ORD-534170928,2026-04-28,SQU-4445-RD,8
ORD-866777788,2026-06-15,ZMT-4826-ZA,9
ORD-472889647,2026-08-22,JFQ-2161-JM,2
ORD-836306602,2025-10-07,WVS-7789-BM,8
ORD-434465707,2026-01-14,PLS-4578-QE,8
ORD-481033547,2026-09-17,MOB-2662-PY,6
ORD-198425614,2025-11-03,ENS-7914-CD,7
ORD-342941580,2026-07-03,ZSW-4559-NC,3
ORD-348709580,2026-01-19,AOX-2295-KX,8
ORD-808674863,2026-08-24,WPN-1619-JK,5
ORD-512681795,2026-05-18,VJL-8744-XN,2
ORD-530777329,2026-02-12,ZMT-4826-ZA,4
ORD-804569863,2026-06-22,UKF-2323-DR,6
ORD-563772992,2026-01-15,BZG-3397-DG,5
ORD-213052806,2026-03-30,LDE-5561-AB,2
ORD-578874959,2025-12-01,RTY-1001-BP,3
ORD-463027407,2026-04-06,DPS-6493-GH,7
ORD-517381613,2026-03-25,XNY-4376-JR,4
ORD-825451199,2026-03-01,UOU-8134-LR,8
ORD-349812977,2026-01-29,WEZ-8309-MF,1
ORD-198671802,2026-03-27,AQO-4304-DP,4
ORD-981291010,2026-09-25,HXK-2031-GS,1
ORD-536479103,2025-11-09,AOX-2295-KX,6
ORD-291739784,2025-11-16,JAW-8357-TO,6
ORD-130346670,2025-12-30,ACX-7534-WZ,1
ORD-510890781,2026-04-19,WHB-9752-TV,2
ORD-982084929,2026-05-15,AOX-2295-KX,2
ORD-895708412,2026-03-25,MYN-1663-IQ,9
ORD-767219134,2026-08-11,JRJ-3044-RK,9
ORD-290197562,2026-09-09,WVS-7789-BM,7
ORD-510093241,2026-03-28,MYN-1663-IQ,7
ORD-325597031,2026-02-22,XYZ-5564-JO,1
ORD-761168334,2026-09-20,DXC-6409-PR,6
ORD-855756245,2026-02-17,JFQ-2161-JM,8
ORD-787996935,2025-11-24,TEU-6306-DW,2
ORD-370280437,2026-09-16,CVP-4807-RY,2
ORD-392993148,2025-10-14,TAG-4030-WD,3
ORD-506850415,2025-12-20,ULC-5064-OU,6
ORD-316526554,2026-03-09,WCV-3480-ZL,2
ORD-700863993,2025-11-13,ZMT-4826-ZA,2
ORD-646531237,2026-08-28,ZMT-4826-ZA,3
ORD-588447963,2026-04-24,WHB-9752-TV,7
ORD-373196893,2026-02-21,CYU-9231-WQ,9
ORD-460340579,2026-08-02,WVS-7789-BM,8
ORD-366792767,2026-02-11,VJL-8744-XN,7
ORD-125679262,2026-03-18,MYN-1663-IQ,9
ORD-534715337,2026-09-21,VJL-8744-XN,8
ORD-340500458,2026-03-12,BZZ-7801-GR,8
ORD-610130060,2025-11-26,QBC-4687-EB,5
ORD-486522503,2026-06-02,ALL-3914-AH,3
ORD-992902038,2026-04-15,VYE-3450-BC,4
ORD-422018495,2026-09-12,UKF-2323-DR,2
ORD-163347473,2025-12-01,TUG-8815-OQ,6
ORD-767637614,2026-07-27,FDW-2974-MM,8
ORD-519080193,2026-06-11,EDT-8993-ES,8
ORD-306213903,2025-12-06,HXK-2031-GS,6
ORD-915872047,2026-06-12,TEU-6306-DW,4
ORD-877310721,2026-02-03,TEU-6306-DW,9
ORD-865123266,2026-08-13,YEX-1503-ZO,7
ORD-263368081,2026-05-25,EAG-6934-KP,8
ORD-812108964,2026-05-02,TEW-6083-MX,8
ORD-135333594,2026-01-02,GAG-3018-XA,6
ORD-696806231,2026-06-30,MYN-1663-IQ,1
ORD-166856266,2025-11-24,QBC-4687-EB,4
ORD-809562127,2026-06-13,SQU-4445-RD,9
ORD-556906645,2026-09-09,EEZ-4650-KQ,5
ORD-833392365,2026-02-06,WEZ-8309-MF,4
ORD-275246776,2026-02-19,WPN-1619-JK,8
ORD-519637379,2026-03-15,ULC-5064-OU,6
ORD-603125190,2025-10-30,ATG-6478-FH,2
ORD-907070542,2025-12-02,AQO-4304-DP,8
ORD-859945218,2026-04-21,BMA-2606-MR,1
ORD-122847213,2026-03-03,VYE-3450-BC,7
ORD-728647725,2026-05-02,EDT-8993-ES,9
ORD-325988171,2026-05-25,BMN-1138-NX,3
ORD-669984751,2026-05-29,NMZ-7286-BF,5
ORD-508182303,2026-04-23,JRJ-3044-RK,2
ORD-749448896,2026-09-26,KBB-8886-NE,1
ORD-318996650,2026-03-08,SQU-4445-RD,6
ORD-435097293,2025-11-05,TZI-9725-WZ,4
ORD-759132317,2026-09-25,DXC-6409-PR,9
ORD-494612898,2025-12-01,AMV-7840-KA,2
ORD-737284339,2026-03-18,ATG-6478-FH,7
ORD-512382675,2026-07-06,JFQ-2161-JM,4
ORD-984916594,2026-05-10,VYE-3450-BC,1
ORD-266199331,2026-01-29,YEX-1503-ZO,8
ORD-167966052,2026-09-20,MZY-9033-DB,8
ORD-566754835,2026-01-30,WMO-2671-XI,1
ORD-225196115,2026-03-13,BMN-1138-NX,3
ORD-917802337,2025-11-26,DXC-6409-PR,2
ORD-857523701,2026-03-12,TUG-8815-OQ,5
ORD-383646065,2026-02-23,DRP-8766-KZ,5
ORD-501301123,2026-05-19,EEZ-4650-KQ,4
ORD-899996291,2026-08-03,MZJ-2991-QZ,1
ORD-463724810,2026-04-12,PLS-4578-QE,3
ORD-631990483,2026-08-01,EEZ-4650-KQ,5
ORD-456032425,2025-11-25,QIQ-4858-GV,9
ORD-548452236,2026-09-20,XYZ-5564-JO,2
ORD-370071113,2026-05-02,TEU-6306-DW,2
ORD-729427827,2025-11-21,TUG-8815-OQ,9
ORD-939555845,2025-12-26,QIQ-4858-GV,9
ORD-998011388,2026-06-21,FWV-4332-YB,4
ORD-528458061,2025-12-18,JAW-8357-TO,8
ORD-474108781,2025-12-02,DIV-1664-AI,6
ORD-687634762,2026-08-13,TEW-6083-MX,8
ORD-989293619,2026-01-28,WHB-9752-TV,5
ORD-702474312,2026-06-06,FDW-2974-MM,1
ORD-189423366,2026-06-04,CKY-1584-BI,5
ORD-858471679,2026-07-19,CKY-1584-BI,1
ORD-190805417,2026-05-17,LDE-5561-AB,2
ORD-278759310,2026-06-23,AOX-2295-KX,9
ORD-695575220,2026-02-09,KFZ-3438-UO,2
ORD-545192563,2026-04-07,EDT-8993-ES,2
ORD-186299273,2026-05-11,XNY-4376-JR,6
ORD-286975559,2026-01-22,UKF-2323-DR,7
ORD-823306023,2026-06-18,TUG-8815-OQ,1
ORD-997108667,2025-10-09,AVQ-2602-GD,2
ORD-809967989,2026-01-28,OLY-4120-OL,5
ORD-152004498,2026-07-19,RTY-1001-BP,9
ORD-250343624,2026-01-09,ZRO-2494-CK,7
ORD-549463940,2026-01-16,ATG-6478-FH,5
ORD-435811192,2026-09-04,UKU-3036-VW,8
ORD-581907928,2026-06-22,AKW-6214-KB,6
ORD-282037616,2026-04-14,WVS-7789-BM,8
ORD-511995499,2025-10-17,JFG-4059-BT,5
ORD-205679247,2026-08-03,WHB-9752-TV,8
ORD-116314518,2026-08-29,SMZ-2424-CZ,9
ORD-544426704,2025-11-20,RTY-1001-BP,8
ORD-402463230,2026-01-12,TZE-7209-SJ,8
ORD-848810512,2026-09-13,ZRO-2494-CK,3
ORD-861464743,2026-08-26,MZY-9033-DB,6
ORD-317393189,2026-01-05,ATG-6478-FH,5
ORD-947042302,2025-11-28,OLY-4120-OL,5
ORD-684297472,2025-10-15,WVS-7789-BM,7
ORD-857235057,2026-09-16,RTY-1001-BP,9
ORD-238319668,2026-08-24,YEX-1503-ZO,3
ORD-899923765,2026-01-04,VJL-8744-XN,5
ORD-957493225,2026-08-19,YUJ-9932-TE,1
ORD-875179598,2026-03-23,AOX-2295-KX,1
ORD-542425678,2025-12-06,WCV-3480-ZL,7
ORD-328158889,2026-02-23,MZY-9033-DB,8
ORD-210633923,2025-11-21,VYE-3450-BC,9
ORD-112512095,2026-08-31,JFG-4059-BT,1
ORD-901953095,2026-10-01,DQH-3679-CN,7
ORD-583595364,2026-06-09,EDT-8993-ES,6
ORD-810642429,2026-02-28,DIV-1664-AI,2
ORD-918246861,2025-12-02,RTY-1001-BP,4
ORD-148689887,2026-07-11,HXK-2031-GS,9
ORD-968772762,2025-10-30,KFZ-3438-UO,4
ORD-583839648,2026-06-22,XYZ-5564-JO,3
ORD-744054146,2026-05-23,MOB-2662-PY,5
ORD-114486680,2026-05-13,DRP-8766-KZ,6
ORD-494090954,2026-08-05,RKL-1688-XW,9
ORD-788974285,2026-06-14,GTS-2961-MC,1
ORD-614803856,2026-07-28,AOX-2295-KX,7
ORD-464403466,2026-03-28,QBC-4687-EB,3
ORD-610501605,2026-08-01,JAW-8357-TO,6
ORD-474736677,2026-08-14,GAG-3018-XA,7
ORD-525053411,2026-05-05,JAW-8357-TO,9
ORD-419872278,2026-06-09,SQU-4445-RD,4
ORD-302733075,2026-03-12,AMV-7840-KA,9
ORD-279755673,2026-04-10,ALL-3914-AH,9
ORD-912379610,2026-08-31,VJL-8744-XN,9
ORD-997857435,2026-08-04,ZMT-4826-ZA,6
ORD-378071435,2026-03-13,QBS-2485-VZ,9
ORD-156003252,2026-07-21,SQJ-6851-MV,5
ORD-592651615,2026-06-16,TZI-9725-WZ,4
ORD-741227504,2025-11-12,BZZ-7801-GR,1
ORD-986332015,2026-08-21,QID-8246-VF,3
ORD-810052468,2026-02-14,AVQ-2602-GD,1
ORD-824238391,2026-10-03,TZI-9725-WZ,1
ORD-752373955,2026-09-06,DWM-4266-IL,5
ORD-982702127,2025-12-31,KBB-8886-NE,6
ORD-480875631,2025-11-07,TZE-7209-SJ,2
ORD-851072881,2025-10-15,FWV-4332-YB,1
ORD-737668156,2026-04-18,WPN-1619-JK,4
ORD-512265323,2025-12-17,QID-8246-VF,3
ORD-632905138,2026-06-03,THE-4063-OD,9
ORD-537751834,2026-05-08,WVS-7789-BM,1
ORD-158151533,2026-03-14,GAG-3018-XA,1
ORD-794047301,2026-05-31,GTS-2961-MC,9
ORD-191502288,2026-03-08,LMR-3124-JD,4
ORD-867112283,2025-10-28,GTS-2961-MC,6
ORD-805472122,2026-07-06,NMZ-7286-BF,8
ORD-753876480,2026-09-05,AVQ-2602-GD,2
ORD-592480591,2026-07-27,UJL-8144-FB,2
ORD-650217607,2026-01-08,CVP-4807-RY,7
ORD-752843942,2026-03-18,BMN-1138-NX,3
ORD-752273933,2026-09-09,FDW-2974-MM,3
ORD-836873178,2026-06-03,VJL-8744-XN,2
ORD-727630015,2026-07-16,QID-8246-VF,8
ORD-415901878,2026-06-14,QIQ-4858-GV,7
ORD-381564925,2026-01-15,DPS-6493-GH,6
ORD-646618824,2026-08-04,RSJ-8290-CT,1
ORD-143913799,2026-05-16,VJL-8744-XN,3
ORD-231926940,2026-03-04,QSI-6450-CP,1
ORD-436391529,2026-05-25,GTS-2961-MC,2
ORD-854736500,2026-02-26,YEX-1503-ZO,4
ORD-152298699,2025-12-21,DXC-6409-PR,1
ORD-743259806,2026-07-19,WHB-9752-TV,9
ORD-885058576,2026-06-20,EDT-8993-ES,7
ORD-994798698,2026-10-01,ZRO-2494-CK,8
ORD-682397346,2025-11-28,WHB-9752-TV,4
ORD-731953716,2026-09-20,VYE-3450-BC,8
ORD-409031845,2026-01-12,TEW-6083-MX,7
ORD-835132346,2025-10-09,EEZ-4650-KQ,1
ORD-662070895,2026-07-16,JRJ-3044-RK,1
ORD-786635338,2026-01-18,FDW-2974-MM,3
ORD-994037196,2026-07-11,GTS-2961-MC,2
ORD-456717877,2025-10-08,CKY-1584-BI,3
ORD-454619313,2026-05-05,JRJ-3044-RK,2
ORD-500523764,2025-12-20,KFZ-3438-UO,6
ORD-832609298,2026-04-01,UKU-3036-VW,9
ORD-190578130,2025-11-04,QBC-4687-EB,7
ORD-933809502,2026-03-02,QSI-6450-CP,9
ORD-557276600,2026-04-13,ATG-6478-FH,3
ORD-791796859,2026-03-01,MOB-2662-PY,6
ORD-259117546,2026-08-23,TAG-4030-WD,3
ORD-136986776,2026-02-23,CYU-9231-WQ,2
ORD-813240777,2025-10-30,AVQ-2602-GD,5
ORD-478207743,2026-09-14,WMO-2671-XI,8
ORD-531778856,2026-05-10,JAE-3474-IK,8
ORD-650197148,2026-02-09,VJL-8744-XN,9
ORD-140365638,2026-06-28,SMZ-2424-CZ,6
ORD-950939294,2026-04-11,RTY-1001-BP,2
ORD-610342672,2025-11-15,TZE-7209-SJ,4
ORD-685992895,2025-10-14,WCV-3480-ZL,2
ORD-143228077,2026-05-02,ACX-7534-WZ,6
ORD-293077631,2026-02-07,NMZ-7286-BF,8
ORD-911719767,2026-09-05,QPV-6283-PP,1
ORD-970981988,2026-05-31,WBF-8296-CI,8
ORD-897625500,2026-06-28,DRP-8766-KZ,3
ORD-146914747,2026-07-11,QSI-6450-CP,9
ORD-807058420,2026-10-06,DWM-4266-IL,7
ORD-846619219,2026-01-19,YEX-1503-ZO,8
ORD-328737918,2026-09-05,YUJ-9932-TE,8
ORD-769024040,2026-05-13,BMN-1138-NX,3
ORD-756669188,2026-03-16,YEX-1503-ZO,6
ORD-561643656,2026-05-01,UKF-2323-DR,3
ORD-650186409,2026-03-12,WBF-8296-CI,6
ORD-509076648,2026-01-22,TEW-6083-MX,5
ORD-359628351,2026-04-20,BMA-2606-MR,8
ORD-355729660,2026-05-13,EAG-6934-KP,3
ORD-445802897,2026-01-03,XYZ-5564-JO,5
ORD-690978807,2025-12-08,YUJ-9932-TE,2
ORD-579846661,2026-03-30,OKQ-3335-LO,3
ORD-744593271,2026-02-14,RTY-1001-BP,2
ORD-680699050,2026-04-05,HYP-6770-TJ,5
ORD-518419855,2026-01-14,AOX-2295-KX,6
ORD-536704662,2026-01-29,TZI-9725-WZ,1
ORD-306255373,2026-09-21,GAG-3018-XA,3
ORD-698309089,2026-03-22,BZZ-7801-GR,9
ORD-408986218,2026-06-15,QPV-6283-PP,6
ORD-823395014,2026-07-04,JAW-8357-TO,7
ORD-158467953,2026-08-18,DPS-6493-GH,1
ORD-459321777,2026-09-30,XYZ-5564-JO,5
ORD-760338797,2026-06-26,QBC-4687-EB,5
ORD-688363951,2026-08-31,QSI-6450-CP,6
ORD-336634224,2026-09-17,VYE-3450-BC,2
ORD-948662088,2026-05-23,WCV-3480-ZL,1
ORD-808787332,2026-05-07,LMR-3124-JD,2
ORD-705067077,2025-12-30,ACX-7534-WZ,2
ORD-984318467,2026-09-12,UOU-8134-LR,2
ORD-975927543,2026-05-09,AQO-4304-DP,3
ORD-929108612,2026-08-28,THE-4063-OD,9
ORD-312425023,2026-01-15,UJL-8144-FB,3
ORD-733909220,2026-09-19,GTS-2961-MC,3
ORD-345148058,2026-01-08,RKL-1688-XW,3
ORD-888579338,2026-05-19,HYP-6770-TJ,2
ORD-246406294,2026-08-30,ULC-5064-OU,7
ORD-295417884,2025-12-17,PKX-5138-CL,1
ORD-477365146,2026-04-20,QSI-6450-CP,3
ORD-911061746,2026-07-31,AVQ-2602-GD,2
ORD-873344752,2026-06-18,OKQ-3335-LO,5
ORD-950170498,2026-05-13,ATG-6478-FH,1
ORD-254006793,2026-08-03,VGT-2396-BC,1
ORD-549036096,2025-11-21,NMZ-7286-BF,9
ORD-144092430,2026-04-08,ATG-6478-FH,3
ORD-590298138,2026-01-29,QBC-4687-EB,4
ORD-797028976,2026-05-27,IWF-2641-PM,4
ORD-207785573,2026-02-11,AVQ-2602-GD,6
ORD-678367095,2026-05-09,ZZD-5202-EU,4
ORD-406809476,2026-04-26,JRJ-3044-RK,3
ORD-503262179,2025-11-16,PKX-5138-CL,2
ORD-655025704,2026-08-14,CVP-4807-RY,8
ORD-254812613,2026-03-09,WMO-2671-XI,9
ORD-309467476,2026-07-11,FWV-4332-YB,2
ORD-384606605,2026-03-16,CKY-1584-BI,7
ORD-649619940,2025-10-24,YFN-4144-LD,7
ORD-690104581,2025-11-21,YUJ-9932-TE,9
ORD-711208162,2025-11-30,TUG-8815-OQ,5
ORD-762176782,2026-03-17,XYZ-5564-JO,7
ORD-325630268,2026-03-26,AQO-4304-DP,2
ORD-204764700,2026-04-19,WHL-3793-KN,9
ORD-823152897,2026-03-25,CEN-5905-RN,3
ORD-134662120,2025-12-18,WBF-8296-CI,2
ORD-742645348,2026-02-21,JRJ-3044-RK,9
ORD-328298546,2026-04-16,TEW-6083-MX,8
ORD-197557236,2025-12-15,QIQ-4858-GV,9
ORD-239828055,2026-05-14,OLY-4120-OL,9
ORD-786156933,2026-05-21,ALL-3914-AH,7
ORD-788297804,2026-09-05,JPC-4038-ZD,8
ORD-787248165,2026-05-24,DXC-6409-PR,6
ORD-470842816,2026-09-29,HYP-6770-TJ,1
ORD-312168346,2026-03-16,TEU-6306-DW,4
ORD-986560263,2025-10-08,WBF-8296-CI,8
ORD-606634307,2025-11-08,IWF-2641-PM,5
ORD-521103140,2026-02-03,DIV-1664-AI,5
ORD-820325624,2025-11-07,WHL-3793-KN,8
ORD-497895339,2026-05-18,CEN-5905-RN,2
ORD-347065301,2026-08-17,EDT-8993-ES,4
ORD-119142923,2026-04-01,TAG-4030-WD,9
ORD-780058704,2026-02-18,JPC-4038-ZD,3
ORD-224291182,2026-04-09,JAE-3474-IK,2
ORD-486003985,2026-09-01,SQJ-6851-MV,4
ORD-416961530,2026-04-14,AKW-6214-KB,7
ORD-523871709,2025-10-18,QBC-4687-EB,2
ORD-409016594,2026-05-24,VAR-7973-TD,9
ORD-301895484,2026-08-05,NMZ-7286-BF,6
ORD-266801379,2026-05-08,ENS-7914-CD,7
ORD-384406274,2026-07-04,DPS-6493-GH,3
ORD-249568219,2026-03-16,UKU-3036-VW,7
ORD-292708495,2026-08-09,RKL-1688-XW,8
ORD-715144541,2025-11-06,SMZ-2424-CZ,2
ORD-208447582,2026-04-04,TEU-6306-DW,1
ORD-132328354,2026-08-17,WEZ-8309-MF,2
ORD-599990917,2026-08-02,VGT-2396-BC,5
ORD-854535109,2026-04-29,ZSW-4559-NC,3
ORD-355109814,2026-05-22,JPC-4038-ZD,9
ORD-271646745,2026-09-20,CEN-5905-RN,4
ORD-114128046,2025-12-27,YUJ-9932-TE,3
ORD-783789472,2026-09-26,XYZ-5564-JO,3
ORD-172921993,2025-11-13,QIQ-4858-GV,5
ORD-768897710,2026-03-26,VJL-8744-XN,5
ORD-720964041,2026-03-08,ACX-7534-WZ,2
ORD-251783137,2026-08-04,KFZ-3438-UO,1
ORD-472628918,2026-02-04,EEZ-4650-KQ,7
ORD-519281739,2026-09-02,LDE-5561-AB,4
ORD-327953871,2026-07-17,PKX-5138-CL,3
ORD-366134608,2026-08-21,TEW-6083-MX,8
ORD-443252015,2026-09-27,PLS-4578-QE,5
ORD-551863943,2026-05-05,OLY-4120-OL,3
ORD-863222516,2026-02-04,CYU-9231-WQ,9
ORD-516868476,2026-09-09,RKL-1688-XW,2
ORD-577984715,2026-05-31,AVQ-2602-GD,4
ORD-959889558,2026-05-30,VJL-8744-XN,5
ORD-190929639,2026-02-17,KFZ-3438-UO,1
ORD-514805449,2026-09-24,KFZ-3438-UO,1
ORD-778115154,2026-07-17,ZZD-5202-EU,9
ORD-767873949,2026-07-15,XNY-4376-JR,9
ORD-309010167,2025-12-03,MYN-1663-IQ,5
ORD-214865416,2026-08-09,YUJ-9932-TE,5
ORD-312428685,2026-04-01,ZMT-4826-ZA,5
ORD-653394015,2026-03-02,GAG-3018-XA,8
ORD-387904850,2026-09-18,FWV-4332-YB,1
ORD-323068368,2026-02-07,YUJ-9932-TE,2
ORD-806039228,2025-10-17,UOU-8134-LR,6
ORD-767904427,2026-06-26,SQJ-6851-MV,6
ORD-540560804,2026-07-18,WHB-9752-TV,2
ORD-368396284,2026-02-13,DIV-1664-AI,8
ORD-573956757,2025-12-08,WPN-1619-JK,7
ORD-568538647,2026-03-05,YEX-1503-ZO,2
ORD-194271347,2026-04-28,KFZ-3438-UO,3
ORD-203143909,2025-10-11,MZY-9033-DB,7
ORD-802852269,2026-03-30,AQO-4304-DP,2
ORD-552965376,2025-10-26,LDE-5561-AB,3
ORD-423596337,2026-01-15,WHL-3793-KN,9
ORD-818103813,2026-06-11,MYN-1663-IQ,3
ORD-101633650,2025-11-09,SQU-4445-RD,6
ORD-585690697,2026-08-11,RTY-1001-BP,6
ORD-818821392,2026-05-03,AMV-7840-KA,9
ORD-283832488,2026-09-14,BZG-3397-DG,1
ORD-210868063,2025-10-07,LMR-3124-JD,4
ORD-435511653,2026-04-23,WCV-3480-ZL,5
ORD-199346441,2025-11-12,THE-4063-OD,5
ORD-895093327,2025-10-28,DPS-6493-GH,3
ORD-577353191,2025-12-05,XNY-4376-JR,5
ORD-990634654,2026-06-17,QBC-4687-EB,1
ORD-702066361,2026-02-21,WHL-3793-KN,2
ORD-432650121,2025-11-05,FDW-2974-MM,7
ORD-324047204,2026-01-07,YFN-4144-LD,4
ORD-597266752,2026-05-30,WCV-3480-ZL,9
ORD-998657936,2026-02-17,AKW-6214-KB,1
ORD-732450387,2026-03-09,GAG-3018-XA,4
ORD-404180993,2026-02-09,JAE-3474-IK,8
ORD-775260294,2026-08-14,VGT-2396-BC,8
ORD-899465896,2026-06-25,BZZ-7801-GR,6
ORD-392933192,2026-07-16,QID-8246-VF,4
ORD-596362897,2026-02-01,TZI-9725-WZ,6
ORD-609240924,2026-05-21,JAW-8357-TO,5
ORD-825423968,2026-01-04,SIO-9071-VU,8
ORD-882989621,2026-04-13,QID-8246-VF,4
ORD-976581526,2026-02-25,JAW-8357-TO,6
ORD-692405017,2025-11-23,NMZ-7286-BF,7
ORD-601432483,2026-07-22,QBC-4687-EB,6
ORD-112789306,2025-12-17,HYP-6770-TJ,2
ORD-626513636,2026-10-04,ULC-5064-OU,2
ORD-872116422,2026-04-13,BMN-1138-NX,9
ORD-534808858,2026-05-18,HYP-6770-TJ,2
ORD-559640187,2025-10-14,QSI-6450-CP,6
ORD-893754191,2026-09-05,AOX-2295-KX,5
ORD-993119311,2026-07-12,FDW-2974-MM,7
ORD-581978292,2026-06-20,JAW-8357-TO,5
ORD-168937915,2026-09-30,VYE-3450-BC,6
ORD-506857214,2026-05-29,ZSW-4559-NC,4
ORD-404065783,2026-04-01,BZG-3397-DG,9
ORD-100707556,2026-05-23,EEZ-4650-KQ,5
ORD-822999959,2026-04-01,BZG-3397-DG,7
ORD-524005447,2026-06-24,FDW-2974-MM,5
ORD-604320667,2026-04-24,RKL-1688-XW,7
ORD-978202399,2026-09-05,JLN-1757-ET,3
ORD-472223385,2025-10-19,QBC-4687-EB,8
ORD-433249516,2025-10-30,WVS-7789-BM,6
ORD-348075902,2026-02-20,EAG-6934-KP,6
ORD-267494233,2025-12-11,KBB-8886-NE,2
ORD-932944874,2025-11-11,GAG-3018-XA,1
ORD-345709906,2026-05-31,FWV-4332-YB,1
ORD-802447500,2026-04-14,JPC-4038-ZD,7
ORD-824965095,2026-03-12,LDE-5561-AB,7
ORD-572890942,2026-01-28,UKU-3036-VW,1
ORD-271148424,2026-03-30,SIO-9071-VU,2
ORD-608523779,2026-07-31,ZZD-5202-EU,5
ORD-424062983,2026-02-26,PKX-5138-CL,5
ORD-456288536,2026-07-11,JRJ-3044-RK,1
ORD-921664075,2026-06-01,LDE-5561-AB,4
ORD-588317516,2026-05-25,OLY-4120-OL,4
ORD-505462383,2026-08-22,AKW-6214-KB,1
ORD-145807649,2026-07-23,VYE-3450-BC,6
ORD-107593956,2026-01-21,ZRO-2494-CK,1
ORD-135536310,2026-05-22,VAR-7973-TD,3
ORD-604370863,2026-05-31,YEX-1503-ZO,3
ORD-121710095,2026-09-17,PIA-9520-VS,3
ORD-954260085,2025-11-12,YUJ-9932-TE,2
ORD-752326403,2026-07-17,DPS-6493-GH,4
ORD-981221476,2025-11-11,NMZ-7286-BF,7
ORD-186222830,2025-11-17,CVP-4807-RY,8
ORD-638386249,2026-06-29,DWM-4266-IL,9
ORD-209383652,2025-11-25,BMA-2606-MR,7
ORD-649160801,2025-11-22,UKF-2323-DR,9
ORD-137683076,2026-06-30,OLY-4120-OL,4
ORD-201210495,2026-06-29,ZSW-4559-NC,6
ORD-667611220,2026-09-05,PIA-9520-VS,9
ORD-521326401,2026-09-03,WBF-8296-CI,2
ORD-263729934,2026-05-15,VJL-8744-XN,6
ORD-889402161,2026-01-17,WPN-1619-JK,9
ORD-501208000,2025-10-13,MYN-1663-IQ,3
ORD-376814808,2026-07-04,OKQ-3335-LO,4
ORD-800597631,2026-09-01,QID-8246-VF,2
ORD-989526920,2026-04-03,QSI-6450-CP,3
ORD-395834555,2026-09-24,GTS-2961-MC,1
ORD-284889763,2026-09-06,DRP-8766-KZ,6
ORD-314861660,2026-10-01,QIQ-4858-GV,9
ORD-951723198,2026-04-05,UKF-2323-DR,5
ORD-444564489,2025-12-14,DPS-6493-GH,4
ORD-478624993,2026-07-25,FDW-2974-MM,2
ORD-395104053,2026-07-16,YFN-4144-LD,9
ORD-483236743,2025-10-17,LMR-3124-JD,4
ORD-523140123,2025-10-18,SQU-4445-RD,7
ORD-676692065,2026-01-12,UJL-8144-FB,5
ORD-150116726,2026-07-05,AVQ-2602-GD,2
ORD-459624445,2026-05-31,MYN-1663-IQ,5
ORD-343449810,2026-06-02,VJL-8744-XN,3
ORD-372079333,2026-02-18,MZY-9033-DB,2
ORD-283559032,2026-04-06,CYU-9231-WQ,2
ORD-538098786,2026-01-18,OKQ-3335-LO,1
ORD-377085038,2025-10-07,GAG-3018-XA,3
ORD-453688366,2025-12-07,BZG-3397-DG,4
ORD-726044693,2026-04-24,AOX-2295-KX,1
ORD-790351076,2026-04-22,SQJ-6851-MV,8
ORD-687058052,2026-06-03,PKX-5138-CL,6
ORD-982576702,2026-02-09,DPS-6493-GH,1
ORD-549672843,2026-02-16,QSI-6450-CP,4
ORD-875634848,2026-06-12,EEZ-4650-KQ,7
ORD-920548365,2026-05-13,BMN-1138-NX,4
ORD-759966089,2026-07-06,EDT-8993-ES,7
ORD-273676163,2025-12-01,AKW-6214-KB,7
ORD-577528398,2026-08-04,VGT-2396-BC,4
ORD-371333130,2025-10-29,UJL-8144-FB,1
ORD-422990861,2026-09-04,DQH-3679-CN,3
ORD-206026988,2026-10-05,BZZ-7801-GR,3
ORD-527275206,2026-01-07,JLN-1757-ET,7
ORD-444060729,2026-04-21,AKW-6214-KB,8
ORD-598320680,2025-11-18,GAG-3018-XA,6
ORD-375961334,2026-01-06,ZZD-5202-EU,7
ORD-752750019,2026-04-12,KBB-8886-NE,9
ORD-639150397,2025-12-19,AVQ-2602-GD,7
ORD-875638697,2025-10-19,TZI-9725-WZ,7
ORD-696512013,2025-11-06,IWF-2641-PM,1
ORD-131478525,2026-04-04,YFN-4144-LD,9
ORD-475466905,2026-04-25,MZY-9033-DB,8
ORD-696876317,2026-07-05,YUJ-9932-TE,8
ORD-720798822,2025-12-12,PKX-5138-CL,1
ORD-751939042,2026-02-13,UOU-8134-LR,7
ORD-171602433,2025-12-25,DWM-4266-IL,8
ORD-775251776,2025-11-22,KBB-8886-NE,6
ORD-572690066,2026-08-16,VAR-7973-TD,8
ORD-940200311,2026-09-20,BZZ-7801-GR,8
ORD-466297454,2026-06-22,DIV-1664-AI,4
ORD-932415945,2025-10-22,MOB-2662-PY,5
ORD-522881478,2026-07-30,CEN-5905-RN,2
ORD-429335592,2026-08-29,WCV-3480-ZL,3
ORD-256123269,2025-10-29,JFQ-2161-JM,4
ORD-147536173,2025-10-15,ZMT-4826-ZA,2
ORD-715972722,2026-04-15,GTS-2961-MC,8
ORD-704646241,2025-11-24,AMV-7840-KA,2
ORD-424771170,2026-02-13,WHB-9752-TV,8
ORD-497951198,2025-10-21,SIO-9071-VU,2
ORD-770277837,2026-06-10,UOU-8134-LR,5
ORD-722898263,2026-02-16,FDW-2974-MM,1
ORD-805607689,2026-07-09,BZG-3397-DG,7
ORD-779537828,2025-12-23,QPV-6283-PP,5
ORD-622167028,2026-03-13,KBB-8886-NE,7
ORD-256149203,2026-03-12,HYP-6770-TJ,7
ORD-774384462,2026-07-15,AVQ-2602-GD,2
ORD-969037233,2025-11-25,CKY-1584-BI,6
ORD-412859099,2026-07-25,KFZ-3438-UO,6
ORD-364184956,2025-12-04,WHB-9752-TV,6
ORD-962545960,2025-12-25,VAR-7973-TD,2
ORD-676261231,2026-05-08,QBC-4687-EB,6
ORD-287038810,2025-11-07,JAE-3474-IK,3
ORD-392391068,2026-09-13,ULC-5064-OU,2
ORD-220743923,2026-02-21,XYZ-5564-JO,6
ORD-432525349,2026-02-04,XYZ-5564-JO,1
ORD-303176021,2026-06-03,RKL-1688-XW,3
ORD-282273270,2026-08-12,UJL-8144-FB,8
ORD-358490671,2025-11-04,MZY-9033-DB,5
ORD-857151440,2025-11-13,ZSW-4559-NC,2
ORD-519907932,2026-03-24,ULC-5064-OU,3
ORD-859012878,2025-11-26,DPS-6493-GH,3
ORD-778780393,2025-11-18,BZG-3397-DG,2
ORD-402056196,2025-11-04,YEX-1503-ZO,2
ORD-332899597,2026-08-14,RKL-1688-XW,7
ORD-284790157,2026-04-18,JAW-8357-TO,5
ORD-920410045,2026-02-06,FWV-4332-YB,7
ORD-380132048,2026-08-28,FWV-4332-YB,3
ORD-985851842,2026-06-28,TEW-6083-MX,9
ORD-976935132,2026-08-31,WPN-1619-JK,8
ORD-807223751,2026-08-07,LMR-3124-JD,9
ORD-555625027,2026-07-24,RKL-1688-XW,8
ORD-968523400,2025-10-26,DRP-8766-KZ,3
ORD-636332426,2025-12-27,WVS-7789-BM,2
ORD-234917017,2026-09-06,QBC-4687-EB,7
ORD-206871781,2026-02-15,ATG-6478-FH,2
ORD-446131879,2025-11-24,WBF-8296-CI,9
ORD-437649623,2026-06-04,JFQ-2161-JM,8
ORD-641492891,2026-10-01,AVQ-2602-GD,5
ORD-119569844,2026-05-22,EAG-6934-KP,3
ORD-391615621,2025-12-16,OLY-4120-OL,2
ORD-434774120,2026-03-15,DPS-6493-GH,1
ORD-588895566,2026-04-18,MZY-9033-DB,9
ORD-757842932,2026-04-29,VGT-2396-BC,7
ORD-550789430,2026-01-30,JFQ-2161-JM,4
ORD-455270000,2026-10-03,TAG-4030-WD,9
ORD-875165360,2026-07-02,DXC-6409-PR,8
ORD-965574278,2025-11-26,JFG-4059-BT,9
ORD-120108139,2026-08-13,XYZ-5564-JO,2
ORD-159014629,2026-01-31,UOU-8134-LR,4
ORD-922406714,2025-10-28,HXK-2031-GS,4
ORD-885939431,2025-12-09,SMZ-2424-CZ,7
ORD-797316005,2026-09-19,EAG-6934-KP,6
ORD-549602621,2025-12-21,DIV-1664-AI,1
ORD-740312041,2026-07-02,CYU-9231-WQ,1
ORD-578806886,2026-07-03,QPV-6283-PP,3
ORD-932628690,2025-12-18,YEX-1503-ZO,3
ORD-945854377,2026-01-29,IWF-2641-PM,5
ORD-934324759,2026-08-26,JFQ-2161-JM,9
ORD-543830580,2026-04-03,AVQ-2602-GD,9
ORD-426805670,2026-03-17,UKU-3036-VW,6
ORD-530933287,2026-06-08,BZG-3397-DG,5
ORD-848106344,2025-10-11,CVP-4807-RY,8
ORD-908233890,2026-01-23,AKW-6214-KB,3
ORD-292080963,2026-03-29,DWM-4266-IL,4
ORD-183676395,2026-08-20,AVQ-2602-GD,9
ORD-643574897,2025-12-04,QID-8246-VF,8
ORD-230351017,2026-03-31,RTY-1001-BP,7
ORD-297238215,2025-11-17,HXK-2031-GS,9
ORD-141052727,2026-06-20,VYE-3450-BC,2
ORD-734882736,2025-11-25,CYU-9231-WQ,4
ORD-793732346,2026-02-14,QIQ-4858-GV,2
ORD-504442715,2026-04-02,LMR-3124-JD,9
ORD-318147102,2026-05-16,XYZ-5564-JO,8
ORD-747516850,2026-01-19,GTS-2961-MC,7
ORD-202594314,2026-07-07,SQJ-6851-MV,3
ORD-291053304,2026-09-09,AVQ-2602-GD,5
ORD-950907896,2026-06-10,DWM-4266-IL,8
ORD-862885759,2026-02-05,QIQ-4858-GV,2
ORD-525532799,2025-10-10,SQJ-6851-MV,6
ORD-567295401,2026-08-25,LMR-3124-JD,7
ORD-732639411,2025-11-20,JRJ-3044-RK,8
ORD-752861970,2026-04-04,RTY-1001-BP,7
ORD-867239405,2025-10-27,LMR-3124-JD,3
ORD-196414164,2026-04-29,QBS-2485-VZ,1
ORD-950240441,2026-07-30,UKF-2323-DR,3
ORD-251653695,2026-07-01,CYU-9231-WQ,6
ORD-830271249,2026-07-05,OKQ-3335-LO,2
ORD-949616588,2026-02-25,AVQ-2602-GD,8
ORD-404119040,2025-10-16,DXC-6409-PR,8
ORD-970879485,2025-11-15,RKL-1688-XW,6
ORD-419787965,2026-05-16,NMZ-7286-BF,8
ORD-107427658,2026-05-16,VAR-7973-TD,7
ORD-967049850,2025-10-15,FWV-4332-YB,3
ORD-184026740,2026-03-09,SQU-4445-RD,9
ORD-586213534,2026-08-20,UKU-3036-VW,3
ORD-551141054,2026-08-02,JFQ-2161-JM,3
ORD-842897360,2026-09-12,SMZ-2424-CZ,3
ORD-973438052,2025-11-05,RTY-1001-BP,2
ORD-317135838,2026-03-30,CVP-4807-RY,4
ORD-129752017,2026-07-23,ZSW-4559-NC,6
ORD-383801238,2026-02-12,BZZ-7801-GR,8
ORD-657477247,2026-07-07,TUG-8815-OQ,5
ORD-578646629,2026-03-13,ATG-6478-FH,8
ORD-115944844,2026-04-14,ALL-3914-AH,7
ORD-866159284,2026-07-25,JFQ-2161-JM,4
ORD-704216768,2026-02-10,UJL-8144-FB,3
ORD-879900638,2026-06-25,AOX-2295-KX,2
ORD-478491819,2026-07-02,VAR-7973-TD,5
ORD-971416613,2026-01-07,EAG-6934-KP,3
ORD-535649803,2025-10-16,RSJ-8290-CT,3
ORD-519113062,2026-03-05,RSJ-8290-CT,4
ORD-675195445,2025-10-30,CKY-1584-BI,8
ORD-699032787,2026-06-25,QIQ-4858-GV,3
ORD-970274118,2026-08-29,FDW-2974-MM,1
ORD-570192659,2026-07-17,TEW-6083-MX,9
ORD-165367586,2026-04-04,TZI-9725-WZ,1
ORD-738044539,2025-12-13,KBB-8886-NE,4
ORD-659401461,2026-01-20,VGT-2396-BC,2
ORD-261430128,2026-02-19,MZJ-2991-QZ,1
ORD-765977534,2026-02-05,UOU-8134-LR,9
ORD-950391909,2025-12-27,RKL-1688-XW,1
ORD-716248647,2026-03-06,RSJ-8290-CT,6
ORD-400601770,2026-08-04,DRP-8766-KZ,2
ORD-422544420,2026-04-30,WPN-1619-JK,1
ORD-876600449,2025-10-11,JLN-1757-ET,7
ORD-109099428,2026-03-13,TZE-7209-SJ,8
ORD-415573962,2026-07-30,FWV-4332-YB,8
ORD-677594186,2025-10-30,VJL-8744-XN,1
ORD-818160935,2025-10-22,VYE-3450-BC,3
ORD-522403963,2026-02-23,FWV-4332-YB,4
ORD-798907104,2026-04-24,DXC-6409-PR,1
ORD-523599728,2026-03-03,ZZD-5202-EU,3
ORD-508335122,2025-10-15,JAE-3474-IK,7
ORD-657047057,2025-12-18,MOB-2662-PY,6
ORD-739791864,2026-01-04,TUG-8815-OQ,7
ORD-628760495,2026-04-11,UKF-2323-DR,1
ORD-999160066,2026-08-05,JFQ-2161-JM,8
ORD-881617791,2025-12-12,AOX-2295-KX,4
ORD-138310888,2025-12-18,LDE-5561-AB,6
ORD-454282480,2026-07-01,TAG-4030-WD,3
ORD-718885230,2026-06-26,IWF-2641-PM,1
ORD-510799254,2026-07-24,DPS-6493-GH,8
ORD-274275919,2026-07-23,ATG-6478-FH,7
ORD-917897260,2026-02-24,PIA-9520-VS,8
ORD-768875015,2026-06-15,SMZ-2424-CZ,1
ORD-790766495,2026-05-19,WVS-7789-BM,4
ORD-650844435,2026-03-01,ATG-6478-FH,2
ORD-680133048,2025-11-15,DWM-4266-IL,5
ORD-130251352,2026-01-30,WHB-9752-TV,9
ORD-764721890,2026-07-21,MZJ-2991-QZ,7
ORD-375321410,2025-10-10,SMZ-2424-CZ,3
ORD-147769103,2026-04-12,CVP-4807-RY,8
ORD-816251628,2026-05-18,VJL-8744-XN,7
ORD-931386054,2025-10-27,RTY-1001-BP,5
ORD-307446591,2026-02-06,SIO-9071-VU,5
ORD-628363004,2026-02-18,LDE-5561-AB,1
ORD-384394208,2026-06-18,WPN-1619-JK,5
ORD-309122421,2026-09-06,WVS-7789-BM,4
ORD-992043564,2025-12-17,WEZ-8309-MF,7
ORD-230651968,2026-04-19,BZZ-7801-GR,3
ORD-471879413,2026-09-01,DXC-6409-PR,9
ORD-818384123,2025-10-22,TZE-7209-SJ,2
ORD-372666002,2026-07-27,AOX-2295-KX,9
ORD-422771101,2026-07-02,SIO-9071-VU,9
ORD-553324298,2026-06-09,WPN-1619-JK,3
ORD-258272936,2026-07-24,ZZD-5202-EU,5
ORD-286798191,2026-04-01,LDE-5561-AB,4
ORD-678736449,2026-05-06,WBF-8296-CI,2
ORD-612819917,2026-07-26,WPN-1619-JK,7
ORD-388369019,2026-09-11,SIO-9071-VU,3
ORD-597765183,2026-08-01,DRP-8766-KZ,9
ORD-239235081,2025-10-28,FDW-2974-MM,8
ORD-530623006,2026-07-14,JAE-3474-IK,5
ORD-619818556,2025-11-26,ACX-7534-WZ,7
ORD-840847273,2026-07-25,XNY-4376-JR,3
ORD-173167013,2026-07-12,AQO-4304-DP,4
ORD-413400881,2026-05-23,AKW-6214-KB,5
ORD-681103631,2026-09-03,CYU-9231-WQ,1
ORD-534077926,2026-10-01,EDT-8993-ES,9
ORD-494898599,2025-12-28,VJL-8744-XN,4
ORD-275078785,2026-06-02,SIO-9071-VU,2
ORD-674774585,2026-05-15,LDE-5561-AB,6
ORD-621191600,2026-04-10,TZE-7209-SJ,3
ORD-742291285,2026-05-13,QID-8246-VF,6
ORD-294758041,2026-07-11,TZI-9725-WZ,6
ORD-260867428,2025-11-12,JAE-3474-IK,4
ORD-209726799,2026-07-01,PIA-9520-VS,2
ORD-890498860,2026-06-13,TEU-6306-DW,8
ORD-407583328,2026-02-05,THE-4063-OD,2
ORD-324170366,2025-10-21,BZG-3397-DG,5
ORD-649982490,2026-06-23,ATG-6478-FH,6
ORD-379553641,2026-06-27,DQH-3679-CN,2
ORD-962614507,2026-08-05,WHB-9752-TV,1
ORD-820900760,2025-11-10,YUJ-9932-TE,5
ORD-919087401,2026-02-05,QBC-4687-EB,1
ORD-468580721,2026-07-01,EEZ-4650-KQ,4
ORD-975782961,2026-02-12,SMZ-2424-CZ,6
ORD-871050355,2026-02-20,TZI-9725-WZ,7
ORD-774816885,2026-05-06,UOU-8134-LR,7
ORD-952301768,2026-05-14,MZJ-2991-QZ,2
ORD-437428711,2025-10-14,TAG-4030-WD,2
ORD-996804939,2025-11-20,ULC-5064-OU,9
ORD-413344448,2026-09-23,SQU-4445-RD,6
ORD-360300066,2026-10-05,JFG-4059-BT,4
ORD-816923604,2026-03-13,JLN-1757-ET,5
ORD-122265492,2025-10-29,IWF-2641-PM,7
ORD-329578906,2025-12-03,KFZ-3438-UO,1
ORD-269481975,2026-08-18,DWM-4266-IL,1
ORD-198602298,2026-02-18,HXK-2031-GS,4
ORD-342849428,2026-04-05,UOU-8134-LR,6
ORD-890713231,2026-06-02,JAE-3474-IK,8
ORD-762202446,2026-04-09,VJL-8744-XN,1
ORD-361754294,2025-11-22,TEW-6083-MX,4
ORD-205456209,2025-11-26,ACX-7534-WZ,9
ORD-198289398,2026-05-09,DIV-1664-AI,7
ORD-586573360,2026-06-01,AQO-4304-DP,1
ORD-890282573,2026-05-19,EEZ-4650-KQ,9
ORD-771877895,2026-08-24,JAE-3474-IK,9
ORD-326272638,2025-11-21,RKL-1688-XW,9
ORD-415573617,2026-06-09,ALL-3914-AH,9
ORD-913291191,2025-10-24,ENS-7914-CD,4
ORD-521611096,2026-01-10,ULC-5064-OU,5
ORD-892362945,2025-11-19,JAE-3474-IK,5
ORD-847463115,2026-04-12,KFZ-3438-UO,8
ORD-210866488,2026-09-06,UOU-8134-LR,6
ORD-838733621,2025-11-02,TZE-7209-SJ,6
ORD-897897497,2025-10-08,SIO-9071-VU,6
ORD-994134433,2026-05-09,PIA-9520-VS,4
ORD-712972701,2026-06-09,MYN-1663-IQ,1
ORD-119413473,2026-01-27,XNY-4376-JR,2
ORD-654936759,2026-06-06,TZI-9725-WZ,8
ORD-895391111,2025-12-31,MOB-2662-PY,5
ORD-942136149,2026-09-08,AOX-2295-KX,7
ORD-747909747,2026-03-18,QSI-6450-CP,5
ORD-455391023,2025-10-11,ENS-7914-CD,5
ORD-214602753,2026-02-08,VYE-3450-BC,3
ORD-513387422,2026-03-22,DRP-8766-KZ,5
ORD-770801279,2026-09-06,DQH-3679-CN,4
ORD-861947165,2025-12-12,QBS-2485-VZ,8
ORD-378163308,2026-03-29,JFG-4059-BT,3
ORD-693545228,2025-10-25,BZZ-7801-GR,6
ORD-456951981,2026-02-14,YFN-4144-LD,6
ORD-286854655,2026-09-26,ZMT-4826-ZA,1
ORD-680458815,2026-04-08,JAE-3474-IK,5
ORD-913722582,2026-05-21,JAE-3474-IK,2
ORD-978348384,2026-02-10,TZI-9725-WZ,8
ORD-992341099,2026-05-21,WPN-1619-JK,5
ORD-845825635,2026-01-10,MYN-1663-IQ,8
ORD-269397559,2026-01-03,WVS-7789-BM,2
ORD-788063148,2025-10-23,QBC-4687-EB,7
ORD-794252356,2026-08-18,TUG-8815-OQ,6
ORD-127359704,2026-06-11,QBS-2485-VZ,5
ORD-327850241,2026-06-17,XNY-4376-JR,2
ORD-846846227,2026-07-14,BZG-3397-DG,9
ORD-159861929,2026-01-10,GTS-2961-MC,1
ORD-111264509,2026-01-08,MZY-9033-DB,5
ORD-961170489,2025-10-30,QSI-6450-CP,6
ORD-385071260,2026-02-05,HXK-2031-GS,9
ORD-355637079,2026-03-16,YUJ-9932-TE,1
ORD-828292731,2026-08-01,JAE-3474-IK,1
ORD-662993018,2026-09-26,AOX-2295-KX,2
ORD-702818414,2026-01-03,WMO-2671-XI,9
ORD-436034313,2025-11-29,CVP-4807-RY,4
ORD-714232401,2026-04-04,KBB-8886-NE,7
ORD-292939677,2026-03-18,FWV-4332-YB,1
ORD-487292951,2026-09-20,LDE-5561-AB,6
ORD-772432564,2026-01-14,AQO-4304-DP,1
ORD-163691497,2026-08-16,FDW-2974-MM,2
ORD-245767436,2026-10-05,ALL-3914-AH,6
ORD-705366597,2025-12-05,ACX-7534-WZ,9
ORD-274621425,2026-09-17,VAR-7973-TD,2
ORD-249840057,2025-11-30,QID-8246-VF,7
ORD-517622361,2025-10-12,ZZD-5202-EU,6
ORD-936123383,2026-04-30,TZI-9725-WZ,4
ORD-731563776,2026-09-07,BMA-2606-MR,6
ORD-467599334,2025-11-06,ENS-7914-CD,6
ORD-492191458,2025-10-29,SQJ-6851-MV,6
ORD-717570136,2026-01-06,VAR-7973-TD,4
ORD-997775037,2026-04-15,ALL-3914-AH,3
ORD-983531371,2026-04-09,DPS-6493-GH,6
ORD-724800414,2026-05-07,UKF-2323-DR,2
ORD-761919939,2025-12-05,BZZ-7801-GR,8
ORD-381608907,2026-03-18,AQO-4304-DP,7
ORD-486962466,2025-11-10,VAR-7973-TD,5
ORD-949379359,2025-12-10,KFZ-3438-UO,2
ORD-501759260,2026-07-24,AVQ-2602-GD,6
ORD-979753353,2025-11-29,HYP-6770-TJ,4
ORD-269338850,2026-05-07,ALL-3914-AH,7
ORD-807473530,2026-07-24,YUJ-9932-TE,4
ORD-921796468,2025-10-06,GTS-2961-MC,1
ORD-573614011,2026-03-04,CYU-9231-WQ,2
ORD-156066597,2026-10-05,LDE-5561-AB,4
ORD-562648587,2025-10-07,YUJ-9932-TE,4
ORD-533747485,2026-05-18,NMZ-7286-BF,8
ORD-744149109,2026-03-10,BZG-3397-DG,7
ORD-165546957,2026-01-27,DWM-4266-IL,6
ORD-230843907,2026-04-08,KFZ-3438-UO,3
ORD-717647508,2026-08-19,WVS-7789-BM,3
ORD-374333323,2025-10-12,QBS-2485-VZ,6
ORD-615255170,2026-08-18,MOB-2662-PY,4
ORD-435298067,2026-05-01,DXC-6409-PR,8
ORD-846998309,2025-11-25,HYP-6770-TJ,6
ORD-116675048,2026-08-17,EAG-6934-KP,7
ORD-886888657,2025-12-27,MYN-1663-IQ,4
ORD-954819990,2026-05-16,GTS-2961-MC,5
ORD-875791678,2026-09-17,ENS-7914-CD,9
ORD-314255619,2026-07-15,YFN-4144-LD,8
ORD-487813586,2026-08-28,JPC-4038-ZD,8
ORD-757936298,2026-06-25,GTS-2961-MC,1
ORD-899376909,2026-05-13,ULC-5064-OU,7
ORD-470410240,2026-01-27,TAG-4030-WD,5
ORD-635510136,2026-01-09,YUJ-9932-TE,4
ORD-953590763,2026-08-10,AOX-2295-KX,3
ORD-633207221,2026-07-12,QBS-2485-VZ,1
ORD-891169313,2026-09-03,VGT-2396-BC,7
ORD-317425688,2026-04-16,OKQ-3335-LO,7
ORD-211396540,2026-01-27,UJL-8144-FB,3
ORD-909689712,2025-12-21,WHB-9752-TV,3
ORD-472699523,2025-12-21,ENS-7914-CD,3
ORD-164413558,2025-11-13,BZZ-7801-GR,5
ORD-404472236,2025-12-12,IWF-2641-PM,6
ORD-215804562,2026-03-06,LMR-3124-JD,9
ORD-663307129,2026-05-22,SIO-9071-VU,9
ORD-698490132,2026-07-29,DXC-6409-PR,6
ORD-882334907,2026-03-10,QSI-6450-CP,6
ORD-818772784,2026-05-08,WVS-7789-BM,2
ORD-556610399,2026-03-09,BMN-1138-NX,2
ORD-736292324,2026-10-01,BZZ-7801-GR,9
ORD-469191628,2026-08-26,VAR-7973-TD,1
ORD-109936986,2025-11-21,SMZ-2424-CZ,1
ORD-500051045,2026-07-29,TEU-6306-DW,7
ORD-678824612,2026-09-16,CVP-4807-RY,2
ORD-212782734,2026-05-20,SQJ-6851-MV,4
ORD-446561085,2026-05-29,BZG-3397-DG,3
ORD-144060409,2026-08-23,JFG-4059-BT,1
ORD-783676148,2026-02-12,EDT-8993-ES,2
ORD-541931606,2025-12-20,VYE-3450-BC,2
ORD-879109744,2026-07-09,GTS-2961-MC,5
ORD-353023896,2026-09-09,VGT-2396-BC,3
ORD-331266571,2026-09-05,YFN-4144-LD,7
ORD-313652039,2026-08-15,PLS-4578-QE,9
ORD-401213075,2026-03-08,TEW-6083-MX,9
ORD-209245251,2026-07-30,THE-4063-OD,6
ORD-781450013,2026-08-18,BZZ-7801-GR,9
ORD-350687102,2026-04-06,TEW-6083-MX,1
ORD-707920764,2026-09-02,SIO-9071-VU,5
ORD-564074982,2026-05-28,TUG-8815-OQ,2
ORD-452001890,2026-02-04,EAG-6934-KP,5
ORD-205052641,2026-01-02,RKL-1688-XW,2
ORD-203852378,2026-02-26,VAR-7973-TD,6
ORD-341575856,2025-11-22,GTS-2961-MC,1
ORD-867079545,2026-05-02,XNY-4376-JR,8
ORD-687453660,2026-04-25,AKW-6214-KB,4
ORD-333512799,2026-05-22,QIQ-4858-GV,6
ORD-287558068,2026-06-25,SIO-9071-VU,8
ORD-583954923,2025-12-18,CEN-5905-RN,8
ORD-381168427,2026-07-20,SQJ-6851-MV,8
ORD-818420133,2025-12-03,TEW-6083-MX,7
ORD-476633313,2026-03-12,YFN-4144-LD,3
ORD-240535710,2026-06-28,MZJ-2991-QZ,8
ORD-218025352,2026-07-25,GAG-3018-XA,6
ORD-832531122,2026-08-16,IWF-2641-PM,1
ORD-428110112,2026-03-18,TEW-6083-MX,7
ORD-341315459,2026-01-19,JAE-3474-IK,1
ORD-486897766,2026-07-31,AKW-6214-KB,1
ORD-714393558,2026-07-23,OLY-4120-OL,1
ORD-904395817,2025-10-23,EDT-8993-ES,5
ORD-586447027,2026-02-04,DXC-6409-PR,9
ORD-510147537,2025-11-13,IWF-2641-PM,1
ORD-959145370,2026-02-07,ZRO-2494-CK,6
ORD-801833963,2026-07-27,XYZ-5564-JO,2
ORD-766251242,2026-06-15,PLS-4578-QE,9
ORD-776881792,2025-11-10,ENS-7914-CD,9
ORD-136956137,2025-12-22,YEX-1503-ZO,7
ORD-989016837,2026-01-16,SIO-9071-VU,3
ORD-230554571,2026-08-17,OLY-4120-OL,4
ORD-348414907,2026-03-31,GAG-3018-XA,5
ORD-529644776,2025-12-19,TEU-6306-DW,9
ORD-624019931,2026-08-13,WVS-7789-BM,3
ORD-522858204,2026-06-15,ULC-5064-OU,8
ORD-171251935,2026-01-04,XYZ-5564-JO,2
ORD-266891812,2026-03-13,JPC-4038-ZD,8
ORD-551362456,2026-01-07,SQJ-6851-MV,9
ORD-139657605,2026-04-26,JAW-8357-TO,7
ORD-266614179,2026-06-19,VGT-2396-BC,3
ORD-151782621,2026-08-22,YFN-4144-LD,8
ORD-815330517,2026-03-21,DQH-3679-CN,7
ORD-456577956,2026-07-15,UKU-3036-VW,4
ORD-168889668,2026-01-23,UKU-3036-VW,9
ORD-354854315,2026-02-07,DIV-1664-AI,5
ORD-357626892,2026-08-17,TZE-7209-SJ,5
ORD-413529686,2026-07-21,CKY-1584-BI,6
ORD-991595006,2025-12-21,QIQ-4858-GV,5
ORD-421352298,2025-12-16,RTY-1001-BP,7
ORD-673300212,2025-12-04,TEW-6083-MX,7
ORD-952186149,2026-03-25,RTY-1001-BP,5
ORD-661311193,2026-09-14,AQO-4304-DP,2
ORD-728448312,2026-09-19,QBC-4687-EB,2
ORD-278924305,2026-05-27,MZY-9033-DB,5
ORD-384487795,2025-10-09,AQO-4304-DP,4
ORD-126641653,2026-05-15,ZRO-2494-CK,7
ORD-556945993,2026-02-04,AKW-6214-KB,7
ORD-143623558,2026-01-11,ZMT-4826-ZA,1
ORD-192566946,2025-10-18,THE-4063-OD,9
ORD-354035060,2025-12-05,DIV-1664-AI,6
ORD-556577721,2025-11-26,LDE-5561-AB,8
ORD-364963418,2026-05-27,AVQ-2602-GD,3
ORD-765989406,2025-12-15,GTS-2961-MC,1
ORD-869933621,2025-10-16,IWF-2641-PM,5
ORD-882023458,2026-04-16,ZSW-4559-NC,8
ORD-967129967,2026-05-19,FDW-2974-MM,3
ORD-141316302,2025-12-06,PLS-4578-QE,9
ORD-528919979,2026-02-12,JAE-3474-IK,1
ORD-827915625,2026-08-22,DIV-1664-AI,9
ORD-349282154,2026-01-08,ZSW-4559-NC,1
ORD-564824619,2026-08-16,NMZ-7286-BF,3
ORD-996489090,2025-12-24,DPS-6493-GH,9
ORD-653748956,2025-11-09,TEW-6083-MX,9
ORD-529331720,2026-01-31,WVS-7789-BM,1
ORD-442142766,2026-09-21,IWF-2641-PM,2
ORD-858533634,2026-09-21,ALL-3914-AH,3
ORD-215362711,2026-03-23,TZI-9725-WZ,8
ORD-480512454,2026-01-05,FWV-4332-YB,1
ORD-865664702,2026-04-16,UJL-8144-FB,7
ORD-904723740,2026-06-23,YUJ-9932-TE,4
ORD-422894388,2026-05-15,UKU-3036-VW,1
ORD-158689838,2025-12-29,ENS-7914-CD,6
ORD-972132204,2026-01-08,DIV-1664-AI,5
ORD-399595305,2026-04-16,BMA-2606-MR,3
ORD-171638396,2026-05-29,UKU-3036-VW,2
ORD-984300237,2026-07-01,VAR-7973-TD,3
ORD-462880606,2026-03-06,UKU-3036-VW,5
ORD-877845328,2026-02-11,WPN-1619-JK,5
ORD-645074699,2026-08-22,PLS-4578-QE,9
ORD-963606480,2026-08-28,JRJ-3044-RK,7
ORD-810042597,2026-10-04,DPS-6493-GH,7
ORD-593332271,2026-07-22,DQH-3679-CN,2
ORD-875251684,2026-03-21,UKF-2323-DR,3
ORD-510040241,2026-07-01,EDT-8993-ES,9
ORD-136481849,2026-02-08,IWF-2641-PM,5
ORD-251517961,2025-11-05,EEZ-4650-KQ,8
ORD-686345062,2026-09-07,ALL-3914-AH,4
ORD-701594080,2026-06-06,BMN-1138-NX,1
ORD-994785759,2025-12-25,VGT-2396-BC,9
ORD-538470432,2025-11-24,MZJ-2991-QZ,1
ORD-872420524,2025-12-17,ZZD-5202-EU,9
ORD-321212291,2026-01-11,MOB-2662-PY,6
ORD-846371059,2026-06-30,YFN-4144-LD,3
ORD-139502073,2025-12-15,RKL-1688-XW,4
ORD-581227583,2026-01-21,ACX-7534-WZ,7
ORD-568514494,2026-04-25,PLS-4578-QE,3
ORD-825828937,2025-11-12,QPV-6283-PP,4
ORD-921985753,2026-01-12,BZG-3397-DG,9
ORD-480263478,2026-04-30,DIV-1664-AI,2
ORD-451730597,2025-12-23,ACX-7534-WZ,7
ORD-915775647,2026-02-20,LMR-3124-JD,4
ORD-641269079,2026-06-24,WBF-8296-CI,1
ORD-939222141,2026-04-03,RTY-1001-BP,4
ORD-401693258,2025-12-03,QID-8246-VF,8
ORD-348603697,2025-10-21,WVS-7789-BM,7
ORD-526653804,2026-03-09,SQU-4445-RD,1
ORD-256283901,2026-05-18,YUJ-9932-TE,5
ORD-804176881,2025-10-22,HYP-6770-TJ,5
ORD-622044979,2026-02-22,THE-4063-OD,6
ORD-195862185,2026-06-06,SMZ-2424-CZ,4
ORD-764668038,2026-05-06,QIQ-4858-GV,6
ORD-807490296,2026-03-23,SQJ-6851-MV,5
ORD-410512505,2026-07-04,FDW-2974-MM,1
ORD-173086496,2026-08-15,GAG-3018-XA,7
ORD-315415197,2026-04-05,NMZ-7286-BF,9
ORD-826966122,2026-06-29,TEU-6306-DW,8
ORD-272875613,2025-12-01,MYN-1663-IQ,9
ORD-588339453,2025-11-02,EDT-8993-ES,6
ORD-886664343,2025-12-10,CYU-9231-WQ,6
ORD-588959852,2026-05-20,CVP-4807-RY,8
ORD-827467318,2026-07-24,HXK-2031-GS,3
ORD-368859129,2026-09-29,UKU-3036-VW,5
ORD-817356781,2026-03-14,VJL-8744-XN,1
ORD-804470611,2026-09-26,JRJ-3044-RK,8
ORD-412669975,2026-06-26,WEZ-8309-MF,9
ORD-493709202,2026-09-13,EAG-6934-KP,2
ORD-800063787,2026-01-26,SQU-4445-RD,7
ORD-597538126,2026-02-11,JLN-1757-ET,3
ORD-935660494,2026-06-15,SMZ-2424-CZ,2
ORD-376066901,2026-05-31,HYP-6770-TJ,3
ORD-814269923,2026-04-16,CEN-5905-RN,2
ORD-290282770,2026-06-30,PIA-9520-VS,9
ORD-589447671,2026-07-28,QSI-6450-CP,5
ORD-294666801,2025-10-07,JLN-1757-ET,7
ORD-477913952,2026-01-24,HXK-2031-GS,1
ORD-149788037,2026-01-05,FDW-2974-MM,2
ORD-150098190,2026-09-25,ZMT-4826-ZA,4
ORD-225684893,2026-01-11,TZI-9725-WZ,3
ORD-609104530,2026-05-15,JRJ-3044-RK,1
ORD-370009987,2026-09-18,QBC-4687-EB,3
ORD-973733078,2025-12-24,JLN-1757-ET,4
ORD-679331969,2026-06-03,ZRO-2494-CK,8
ORD-624590189,2026-02-04,JLN-1757-ET,2
ORD-166268491,2026-08-22,ALL-3914-AH,1
ORD-160318113,2026-05-27,BZG-3397-DG,5
ORD-942350078,2025-10-09,AMV-7840-KA,2
ORD-696628395,2025-11-29,BMA-2606-MR,6
ORD-775294883,2026-04-15,CEN-5905-RN,4
ORD-673555725,2026-06-11,EAG-6934-KP,4
ORD-702517052,2026-04-12,RKL-1688-XW,9
ORD-366229894,2025-12-02,WPN-1619-JK,2
ORD-208659094,2026-01-18,AKW-6214-KB,9
ORD-373012408,2026-04-17,DPS-6493-GH,6
ORD-527627088,2025-11-19,QID-8246-VF,1
ORD-538602560,2026-09-15,DXC-6409-PR,5
ORD-807972059,2026-07-06,WMO-2671-XI,6
ORD-353339305,2026-07-08,ZRO-2494-CK,1
ORD-123390405,2025-12-30,CKY-1584-BI,2
ORD-776829683,2026-07-02,CEN-5905-RN,2
ORD-405726572,2026-01-07,ZRO-2494-CK,2
ORD-554547533,2025-12-30,AVQ-2602-GD,2
ORD-244953219,2026-04-23,BMA-2606-MR,6
ORD-946525294,2026-01-11,SMZ-2424-CZ,1
ORD-167288009,2026-03-04,SMZ-2424-CZ,5
ORD-107607107,2025-11-25,LMR-3124-JD,4
ORD-319551323,2025-11-02,DRP-8766-KZ,9
ORD-809886710,2025-11-01,FWV-4332-YB,4
ORD-694059970,2025-11-07,YUJ-9932-TE,9
ORD-917784572,2026-07-16,ZRO-2494-CK,6
ORD-331101479,2026-03-24,CYU-9231-WQ,4
ORD-601570679,2026-04-08,QBC-4687-EB,4
ORD-477435760,2026-09-27,GAG-3018-XA,6
ORD-466587456,2026-06-26,JAW-8357-TO,1
ORD-973454658,2026-08-30,SQU-4445-RD,2
ORD-438877995,2026-02-25,BMA-2606-MR,4
ORD-242511954,2026-08-13,BMA-2606-MR,7
ORD-516403707,2026-06-21,ZZD-5202-EU,4
ORD-950436515,2025-12-20,ZSW-4559-NC,4
ORD-296718683,2025-12-15,JFQ-2161-JM,7
ORD-798550769,2025-10-29,SIO-9071-VU,9
ORD-763852898,2025-10-22,VAR-7973-TD,3
ORD-484043905,2026-03-23,JFQ-2161-JM,5
ORD-924067400,2026-01-19,CKY-1584-BI,7
ORD-893321162,2025-12-07,KFZ-3438-UO,3
ORD-811871663,2026-03-24,EDT-8993-ES,9
ORD-776137587,2026-02-11,WHL-3793-KN,1
ORD-855496747,2025-11-28,WPN-1619-JK,6
ORD-814047934,2025-12-19,CVP-4807-RY,5
ORD-489597872,2026-05-19,QIQ-4858-GV,8
ORD-782552615,2026-09-27,EEZ-4650-KQ,4
ORD-117719186,2026-03-21,JRJ-3044-RK,4
ORD-181651537,2025-12-19,JLN-1757-ET,4
ORD-482346913,2026-02-18,RKL-1688-XW,5
ORD-828328226,2025-10-09,EAG-6934-KP,1
ORD-469961899,2025-12-05,JFG-4059-BT,7
ORD-690096747,2026-08-29,TAG-4030-WD,8
ORD-610863010,2026-10-05,BMN-1138-NX,6
ORD-114438868,2026-02-20,JFG-4059-BT,8
ORD-621994719,2026-06-21,RTY-1001-BP,9
ORD-162583248,2026-06-09,ZSW-4559-NC,2
ORD-539994372,2025-11-21,QSI-6450-CP,5
ORD-714778837,2026-02-24,UKU-3036-VW,1
ORD-715393400,2025-12-24,DWM-4266-IL,3
ORD-596123596,2026-10-01,KFZ-3438-UO,4
ORD-111858101,2026-04-08,ACX-7534-WZ,9
ORD-605365752,2026-08-24,YFN-4144-LD,5
ORD-802353460,2026-07-08,QBS-2485-VZ,6
ORD-760418900,2026-05-17,CEN-5905-RN,2
ORD-916285459,2025-12-07,JPC-4038-ZD,1
ORD-580533197,2026-04-01,QSI-6450-CP,5
ORD-555738552,2025-12-27,ACX-7534-WZ,1
ORD-886946656,2026-09-11,VGT-2396-BC,6
ORD-510447693,2026-04-01,GAG-3018-XA,1
ORD-674383385,2026-05-23,AOX-2295-KX,6
ORD-308618622,2026-06-16,LDE-5561-AB,9
ORD-676694819,2026-06-19,TZE-7209-SJ,2
ORD-852225302,2026-01-07,TEW-6083-MX,2
ORD-761990245,2026-09-12,AQO-4304-DP,3
ORD-929221503,2026-07-28,EDT-8993-ES,9
ORD-625957314,2026-08-25,AMV-7840-KA,7
ORD-483746000,2026-07-21,SMZ-2424-CZ,7
ORD-481928287,2026-08-01,XYZ-5564-JO,7
ORD-821102983,2026-01-09,HYP-6770-TJ,8
ORD-494018782,2025-12-23,JAE-3474-IK,1
ORD-502875775,2026-08-17,QPV-6283-PP,4
ORD-729729427,2026-03-10,RTY-1001-BP,7
ORD-441704435,2025-11-17,HYP-6770-TJ,5
ORD-180115012,2025-12-23,JFG-4059-BT,4
ORD-271689951,2025-12-31,JAW-8357-TO,7
ORD-784602175,2026-02-02,UJL-8144-FB,4
ORD-796888094,2026-04-14,MYN-1663-IQ,3
ORD-621723330,2026-05-28,JRJ-3044-RK,1
ORD-430328143,2026-08-10,DIV-1664-AI,5
ORD-312086292,2026-04-12,MZJ-2991-QZ,3
ORD-774677672,2026-08-12,WEZ-8309-MF,6
ORD-427469348,2025-11-24,VJL-8744-XN,6
ORD-533180819,2026-09-24,LDE-5561-AB,6
ORD-584185744,2026-03-31,QPV-6283-PP,3
ORD-738499937,2026-03-21,AMV-7840-KA,7
ORD-800430860,2026-09-22,TZE-7209-SJ,8
ORD-166228995,2026-02-08,NMZ-7286-BF,6
ORD-772011127,2025-10-23,KBB-8886-NE,6
ORD-788097392,2026-05-25,JRJ-3044-RK,2
ORD-992894184,2026-07-06,UKU-3036-VW,5
ORD-797530841,2026-08-23,EAG-6934-KP,7
ORD-466497573,2026-08-26,JLN-1757-ET,8
ORD-219727116,2026-02-09,KFZ-3438-UO,7
ORD-686689629,2025-10-18,MZJ-2991-QZ,6
ORD-784614853,2025-10-08,VJL-8744-XN,1
ORD-735523986,2026-03-27,WCV-3480-ZL,7
ORD-336705350,2026-06-13,ZRO-2494-CK,5
ORD-652833500,2026-07-25,SQJ-6851-MV,9
ORD-333490861,2026-06-13,WCV-3480-ZL,7
ORD-226696430,2026-04-25,AMV-7840-KA,6
ORD-464817299,2025-10-24,WEZ-8309-MF,3
ORD-645879568,2026-05-09,ALL-3914-AH,7
ORD-368753705,2026-03-31,THE-4063-OD,9
ORD-823777500,2025-12-26,UJL-8144-FB,4
ORD-315942333,2026-09-15,VGT-2396-BC,4
ORD-361799610,2026-10-04,AVQ-2602-GD,6
ORD-302299028,2026-09-08,CVP-4807-RY,6
ORD-260048436,2025-10-28,YFN-4144-LD,4
ORD-917806733,2025-12-20,THE-4063-OD,4
ORD-996376007,2026-02-22,UJL-8144-FB,8
ORD-840357468,2026-01-24,JFG-4059-BT,2
ORD-923799886,2026-10-01,UOU-8134-LR,4
ORD-131177835,2025-10-25,VYE-3450-BC,8
ORD-411642148,2026-01-28,ZSW-4559-NC,5
ORD-338929598,2026-06-10,BMA-2606-MR,9
ORD-753628906,2025-11-14,UKF-2323-DR,6
ORD-521693330,2026-02-18,UKU-3036-VW,3
ORD-766861206,2026-03-28,PKX-5138-CL,7
ORD-665661536,2026-02-11,AVQ-2602-GD,9
ORD-260383232,2026-06-12,RSJ-8290-CT,3
ORD-200374344,2026-01-08,OKQ-3335-LO,4
ORD-803088680,2026-04-09,WPN-1619-JK,7
ORD-700355154,2026-02-10,VGT-2396-BC,2
ORD-850585210,2026-07-04,WCV-3480-ZL,8
ORD-126837117,2026-07-16,MZJ-2991-QZ,7
ORD-122203706,2026-03-05,AKW-6214-KB,9
ORD-700109510,2026-01-03,JFG-4059-BT,6
ORD-545653792,2026-04-18,CEN-5905-RN,4
ORD-629706434,2026-03-24,UKF-2323-DR,5
ORD-659404214,2026-04-21,SMZ-2424-CZ,2
ORD-996538077,2026-08-26,MYN-1663-IQ,6
ORD-914571970,2026-02-10,VAR-7973-TD,9
ORD-394038305,2025-10-24,KFZ-3438-UO,3
ORD-954941679,2026-08-04,CEN-5905-RN,5
ORD-783656913,2026-04-10,UJL-8144-FB,2
ORD-825869316,2026-01-02,WCV-3480-ZL,3
ORD-594147043,2025-10-19,TEU-6306-DW,6
ORD-907038962,2026-02-05,DRP-8766-KZ,4
ORD-220858810,2026-08-08,DQH-3679-CN,8
ORD-871883615,2026-10-01,YEX-1503-ZO,9
ORD-195680930,2026-09-25,GAG-3018-XA,8
ORD-426067250,2025-10-17,UKU-3036-VW,8
ORD-227210289,2026-06-04,BMN-1138-NX,9
ORD-872140781,2026-01-23,SIO-9071-VU,6
ORD-144654365,2026-09-03,YEX-1503-ZO,3
ORD-949369269,2026-01-27,QID-8246-VF,6
ORD-983288162,2026-03-29,ZSW-4559-NC,6
ORD-773098244,2026-09-17,YUJ-9932-TE,9
ORD-980476014,2025-10-10,JFQ-2161-JM,8
ORD-319285246,2026-03-22,CYU-9231-WQ,6
ORD-562260520,2026-03-11,SQJ-6851-MV,3
ORD-615631265,2025-10-24,SQJ-6851-MV,1
ORD-631990517,2026-08-12,UJL-8144-FB,2
ORD-275456838,2026-04-14,WEZ-8309-MF,2
ORD-837104927,2025-11-19,AKW-6214-KB,4
ORD-667303772,2026-09-01,UJL-8144-FB,7
ORD-272418153,2025-11-18,LMR-3124-JD,9
ORD-915880666,2025-12-27,QBS-2485-VZ,1
ORD-219426871,2025-11-15,MZY-9033-DB,2
ORD-211783371,2026-09-25,CVP-4807-RY,2
ORD-764375707,2025-11-04,QID-8246-VF,5
ORD-591607719,2026-05-06,TAG-4030-WD,5
ORD-806137361,2026-01-21,ENS-7914-CD,4
ORD-445850359,2026-01-15,WHB-9752-TV,8
ORD-278424112,2026-02-03,BMN-1138-NX,4
ORD-356180953,2025-11-21,EAG-6934-KP,7
ORD-609400937,2026-02-21,PKX-5138-CL,3
ORD-754059442,2026-07-22,ZZD-5202-EU,2
ORD-983495377,2025-10-23,TUG-8815-OQ,3
ORD-326907463,2026-09-04,UOU-8134-LR,2
ORD-814778527,2025-12-15,ENS-7914-CD,8
ORD-506540499,2026-03-14,ZMT-4826-ZA,4
ORD-394636395,2026-06-15,RSJ-8290-CT,6
ORD-627928555,2026-03-11,THE-4063-OD,1
ORD-805967681,2025-10-17,DPS-6493-GH,8
ORD-572091682,2025-12-16,KFZ-3438-UO,9
ORD-108025897,2026-01-06,ACX-7534-WZ,4
ORD-994087528,2026-10-03,JAE-3474-IK,9
ORD-396978103,2026-07-08,AQO-4304-DP,6
ORD-843843277,2025-12-21,SQJ-6851-MV,6
ORD-118935721,2026-05-22,SIO-9071-VU,1
ORD-195013339,2025-12-25,WPN-1619-JK,2
ORD-674699145,2026-02-26,UKF-2323-DR,4
ORD-963271001,2025-12-13,KFZ-3438-UO,8
ORD-335054936,2026-08-22,PKX-5138-CL,2
ORD-928361811,2026-04-07,QID-8246-VF,2
ORD-966419626,2026-02-07,YEX-1503-ZO,3
ORD-178146448,2026-06-20,CVP-4807-RY,7
ORD-426057285,2026-09-25,GTS-2961-MC,2
ORD-836303603,2026-01-03,EEZ-4650-KQ,4
ORD-432573271,2026-01-06,HXK-2031-GS,2
ORD-975932339,2025-11-29,KBB-8886-NE,5
ORD-858690072,2025-11-24,DPS-6493-GH,4
ORD-978257540,2026-05-20,RTY-1001-BP,4
ORD-241116559,2026-03-20,KBB-8886-NE,8
ORD-210330419,2026-08-18,AKW-6214-KB,9
ORD-290705834,2025-10-06,JLN-1757-ET,3
ORD-735962553,2026-06-22,JAW-8357-TO,7
ORD-495672399,2026-06-26,MZJ-2991-QZ,4
ORD-869542191,2026-09-07,WPN-1619-JK,4
ORD-763564134,2026-04-06,EEZ-4650-KQ,1
ORD-932136634,2026-03-06,GAG-3018-XA,8
ORD-145120593,2026-04-21,AOX-2295-KX,6
ORD-275188524,2025-10-16,NMZ-7286-BF,2
ORD-697916561,2026-07-20,THE-4063-OD,7
ORD-981605363,2026-01-26,UKU-3036-VW,3
ORD-341868863,2026-06-06,ZMT-4826-ZA,2
ORD-850286354,2026-06-23,KFZ-3438-UO,5
ORD-733380877,2026-01-25,LDE-5561-AB,1
ORD-855348219,2026-05-18,AVQ-2602-GD,2
ORD-116421201,2026-05-11,XNY-4376-JR,1
ORD-260369800,2025-11-06,BZZ-7801-GR,5
ORD-883512772,2025-11-02,JRJ-3044-RK,2
ORD-340462998,2026-07-28,THE-4063-OD,1
ORD-944951864,2026-08-09,JAE-3474-IK,6
ORD-748988601,2026-08-05,GAG-3018-XA,8
ORD-125626944,2026-04-18,JPC-4038-ZD,8
ORD-882003143,2026-08-08,LDE-5561-AB,1
ORD-356220117,2026-02-13,CKY-1584-BI,3
ORD-550583850,2025-12-14,HXK-2031-GS,1
ORD-387809738,2026-08-26,FDW-2974-MM,9
ORD-329304838,2026-08-11,VAR-7973-TD,1
ORD-875333941,2026-03-02,BZZ-7801-GR,4
ORD-120575839,2025-10-20,FWV-4332-YB,8
ORD-739113819,2025-11-29,ATG-6478-FH,6
ORD-418884613,2026-06-02,WCV-3480-ZL,2
ORD-650677256,2026-03-29,AVQ-2602-GD,5
ORD-136029559,2026-08-11,ENS-7914-CD,5
ORD-953405960,2026-04-30,WVS-7789-BM,5
ORD-456811445,2026-04-16,LDE-5561-AB,5
ORD-505695324,2026-04-01,JAW-8357-TO,2
ORD-547746995,2025-12-17,CEN-5905-RN,3
ORD-835139058,2026-10-01,JPC-4038-ZD,4
ORD-394406610,2026-08-17,CEN-5905-RN,9
ORD-575121590,2026-05-30,JAW-8357-TO,7
ORD-325922972,2026-07-16,QBC-4687-EB,6
ORD-201601787,2026-07-02,THE-4063-OD,8
ORD-432725576,2026-09-09,SQU-4445-RD,2
ORD-993753092,2026-09-05,TUG-8815-OQ,2
ORD-829431920,2026-06-17,WVS-7789-BM,9
ORD-553881351,2026-05-31,CKY-1584-BI,9
ORD-201988654,2025-11-08,LDE-5561-AB,8
ORD-601250701,2026-08-24,ZRO-2494-CK,5
ORD-682213045,2026-06-02,ZMT-4826-ZA,6
ORD-766619707,2026-03-28,BMN-1138-NX,9
ORD-343212043,2026-09-29,HXK-2031-GS,8
ORD-708429017,2026-01-01,RTY-1001-BP,4
ORD-828012035,2025-10-18,DPS-6493-GH,7
ORD-461746832,2026-09-24,DRP-8766-KZ,3
ORD-735135572,2026-02-23,WHB-9752-TV,7
ORD-269774091,2025-12-29,BMA-2606-MR,8
ORD-990989990,2026-06-03,DPS-6493-GH,6
ORD-378659806,2026-05-12,WMO-2671-XI,5
ORD-138801620,2026-09-22,MZY-9033-DB,5
ORD-380648381,2026-01-01,QBS-2485-VZ,2
ORD-670837986,2026-04-02,CKY-1584-BI,3
ORD-428388712,2026-04-08,MYN-1663-IQ,4
ORD-337173436,2026-02-15,FWV-4332-YB,6
ORD-964150581,2026-02-04,UOU-8134-LR,4
ORD-787665328,2026-04-12,ZRO-2494-CK,7
ORD-375544730,2026-01-19,AVQ-2602-GD,2
ORD-772547473,2025-10-27,YEX-1503-ZO,3
ORD-344573578,2026-08-27,MYN-1663-IQ,9
ORD-876527839,2025-11-21,EAG-6934-KP,5
ORD-810909371,2025-12-08,YEX-1503-ZO,8
ORD-140298130,2026-10-03,KBB-8886-NE,5
ORD-695526444,2026-08-23,JPC-4038-ZD,6
ORD-228648954,2026-07-25,ATG-6478-FH,3
ORD-266383432,2026-01-16,QSI-6450-CP,5
ORD-579853363,2026-01-21,JFQ-2161-JM,4
ORD-244977028,2026-03-24,UJL-8144-FB,9
ORD-338979705,2026-07-12,YFN-4144-LD,5
ORD-333995291,2026-02-10,UOU-8134-LR,8
ORD-828542942,2025-11-23,TZE-7209-SJ,7
ORD-582031180,2026-03-04,TEW-6083-MX,1
ORD-374369681,2026-05-02,DQH-3679-CN,1
ORD-806613040,2026-03-31,HXK-2031-GS,7
ORD-767795620,2026-05-12,FWV-4332-YB,1
ORD-116408382,2026-05-12,FWV-4332-YB,2
ORD-978471654,2025-10-17,LMR-3124-JD,1
ORD-860705118,2026-01-23,AQO-4304-DP,2
ORD-507124495,2026-03-03,LMR-3124-JD,4
ORD-844738491,2026-09-08,RTY-1001-BP,3
ORD-747044280,2026-03-17,YFN-4144-LD,6
ORD-984665255,2026-03-20,VGT-2396-BC,3
ORD-972588924,2026-05-02,VGT-2396-BC,5
ORD-586000189,2026-05-20,DPS-6493-GH,3
ORD-944932867,2026-01-25,UKU-3036-VW,4
ORD-801227472,2026-04-07,FDW-2974-MM,7
ORD-714815235,2026-02-05,JRJ-3044-RK,6
ORD-629074403,2025-10-11,TAG-4030-WD,3
ORD-813569082,2026-01-07,WHB-9752-TV,4
ORD-273803790,2026-02-10,WEZ-8309-MF,9
ORD-338065376,2026-08-17,SQU-4445-RD,4
ORD-733515156,2025-10-22,MOB-2662-PY,4
ORD-684515529,2026-04-02,BMA-2606-MR,3
ORD-523773915,2026-03-26,HYP-6770-TJ,8
ORD-686611838,2026-02-23,RKL-1688-XW,4
ORD-229841073,2026-04-12,XNY-4376-JR,7
ORD-766914317,2026-08-15,AVQ-2602-GD,6
ORD-192317965,2025-11-10,VAR-7973-TD,4
ORD-631491388,2026-04-19,ZRO-2494-CK,8
ORD-299254455,2026-04-16,QSI-6450-CP,3
ORD-127902839,2026-01-01,AOX-2295-KX,1
ORD-465630844,2026-02-10,QSI-6450-CP,5
ORD-946666733,2026-02-03,LMR-3124-JD,6
ORD-191694729,2026-01-24,BZG-3397-DG,2
ORD-840698343,2026-07-18,EAG-6934-KP,6
ORD-732486828,2026-02-11,TZE-7209-SJ,2
ORD-901911319,2025-11-19,TZI-9725-WZ,3
ORD-672029211,2026-04-30,WBF-8296-CI,1
ORD-184984089,2026-04-28,ULC-5064-OU,5
ORD-557490035,2026-02-23,CKY-1584-BI,8
ORD-163748293,2026-07-12,WBF-8296-CI,5
ORD-850791933,2026-10-05,LMR-3124-JD,7
ORD-946682984,2026-08-17,ZRO-2494-CK,2
ORD-183597242,2026-10-01,JAE-3474-IK,3
ORD-900631389,2025-10-25,RKL-1688-XW,5
ORD-970967176,2026-05-13,WMO-2671-XI,4
ORD-803276212,2026-04-12,CKY-1584-BI,9
ORD-330607000,2026-08-03,GTS-2961-MC,8
ORD-504793925,2026-07-31,YUJ-9932-TE,3
ORD-186717161,2026-01-10,DIV-1664-AI,7
ORD-452123922,2026-06-11,LDE-5561-AB,7
ORD-455441073,2026-08-26,JLN-1757-ET,4
ORD-775544418,2026-08-15,XYZ-5564-JO,7
ORD-255580266,2026-01-29,WHB-9752-TV,4
ORD-667849661,2025-11-22,UOU-8134-LR,1
ORD-578049606,2026-09-23,QBC-4687-EB,9
ORD-257883308,2026-06-01,YFN-4144-LD,2
ORD-754233102,2026-08-12,WBF-8296-CI,8
ORD-782844357,2026-03-07,CKY-1584-BI,9
ORD-341141518,2025-10-22,TZI-9725-WZ,5
ORD-757170478,2026-03-01,TAG-4030-WD,4
ORD-346539955,2026-05-28,EAG-6934-KP,7
ORD-739329865,2026-08-21,XYZ-5564-JO,3
ORD-256709844,2026-06-07,VGT-2396-BC,4
ORD-204567078,2026-09-29,MYN-1663-IQ,4
ORD-727950939,2025-11-17,JRJ-3044-RK,1
ORD-306175254,2026-01-04,TEW-6083-MX,6
ORD-536985999,2026-04-17,EDT-8993-ES,2
ORD-496413787,2026-05-09,JAE-3474-IK,7
ORD-231620862,2026-04-10,HXK-2031-GS,2
ORD-152202737,2026-01-21,YUJ-9932-TE,1
ORD-961087976,2026-08-25,SIO-9071-VU,6
ORD-478706285,2026-01-18,QBS-2485-VZ,7
ORD-909956391,2025-12-14,VGT-2396-BC,4
ORD-200394501,2025-11-19,UJL-8144-FB,8
ORD-733368820,2026-09-25,QBS-2485-VZ,9
ORD-845760090,2026-04-16,FWV-4332-YB,1
ORD-867410097,2026-08-28,QIQ-4858-GV,1
ORD-616402173,2025-12-01,LMR-3124-JD,1
ORD-191956954,2026-04-08,BZZ-7801-GR,3
ORD-379021364,2026-02-04,WHL-3793-KN,7
ORD-846038748,2025-10-07,ZZD-5202-EU,9
ORD-838667964,2026-01-23,GAG-3018-XA,6
ORD-631294079,2026-06-20,HXK-2031-GS,1
ORD-629919951,2026-06-26,WHL-3793-KN,1
ORD-325611777,2026-01-05,WHL-3793-KN,9
ORD-339645135,2026-09-11,SQJ-6851-MV,9
ORD-417073901,2026-03-13,XNY-4376-JR,8
ORD-765221613,2026-09-24,ENS-7914-CD,7
ORD-329505370,2025-12-19,MYN-1663-IQ,4
ORD-493140676,2026-07-04,UOU-8134-LR,4
ORD-135915224,2026-04-28,EDT-8993-ES,9
ORD-464264060,2025-12-23,LDE-5561-AB,2
ORD-239217064,2025-10-27,HXK-2031-GS,3
ORD-802239436,2025-10-30,DPS-6493-GH,2
ORD-876718498,2025-10-23,TAG-4030-WD,7
ORD-759439694,2026-01-25,QBC-4687-EB,2
ORD-304716249,2026-05-16,GAG-3018-XA,9
ORD-703950384,2025-10-10,WVS-7789-BM,3
ORD-108625596,2026-05-03,AMV-7840-KA,5
ORD-739268842,2026-05-14,QID-8246-VF,9
ORD-742657913,2026-02-26,JAE-3474-IK,2
ORD-279204193,2025-11-18,TAG-4030-WD,8
ORD-267349319,2025-10-09,TUG-8815-OQ,5
ORD-333277438,2025-11-18,AMV-7840-KA,8
ORD-621135581,2026-09-01,ATG-6478-FH,5
ORD-828579776,2026-05-15,TZE-7209-SJ,8
ORD-424823446,2026-09-25,ATG-6478-FH,9
ORD-550416881,2025-11-13,AQO-4304-DP,4
ORD-231069107,2026-07-04,UKF-2323-DR,4
ORD-807710772,2026-08-16,TZI-9725-WZ,9
ORD-829208222,2025-10-31,CVP-4807-RY,7
ORD-483262753,2025-12-18,HYP-6770-TJ,6
ORD-567793297,2025-11-14,DIV-1664-AI,8
ORD-564700097,2026-08-21,AVQ-2602-GD,7
ORD-753117727,2026-09-23,YFN-4144-LD,3
ORD-774630872,2025-11-20,JRJ-3044-RK,3
ORD-145295299,2026-01-30,GAG-3018-XA,6
ORD-668906781,2026-03-26,TZE-7209-SJ,4
ORD-530673007,2025-10-28,FDW-2974-MM,9
ORD-512035894,2026-09-29,ULC-5064-OU,8
ORD-710152010,2026-05-13,CYU-9231-WQ,5
ORD-991665196,2026-09-16,PKX-5138-CL,2
ORD-782997298,2025-12-08,DWM-4266-IL,9
ORD-916145626,2026-05-06,MZJ-2991-QZ,7
ORD-376477974,2025-11-25,ENS-7914-CD,2
ORD-433932270,2026-03-14,SQU-4445-RD,7
ORD-762758713,2025-10-07,HYP-6770-TJ,9
ORD-405112612,2026-07-22,PLS-4578-QE,9
ORD-430173638,2025-11-10,VGT-2396-BC,6
ORD-886190605,2026-02-22,SMZ-2424-CZ,7
ORD-325737981,2026-01-28,PLS-4578-QE,1
ORD-209681563,2026-05-22,JAW-8357-TO,7
ORD-218419475,2026-03-06,UKF-2323-DR,4
ORD-465251756,2026-02-05,YUJ-9932-TE,6
ORD-496702912,2025-11-28,JFQ-2161-JM,2
ORD-373346966,2026-02-08,WMO-2671-XI,5
ORD-784099745,2026-01-17,VAR-7973-TD,7
ORD-727884452,2026-02-27,GAG-3018-XA,2
ORD-346828719,2026-08-31,AVQ-2602-GD,8
ORD-772170212,2026-08-27,ZZD-5202-EU,3
ORD-396412342,2025-10-23,WBF-8296-CI,6
ORD-458023407,2026-09-14,UKF-2323-DR,2
ORD-845980574,2026-03-20,ZRO-2494-CK,5
ORD-264876862,2026-09-15,TEW-6083-MX,4
ORD-458060377,2025-11-08,AMV-7840-KA,8
ORD-602742508,2026-01-25,DQH-3679-CN,6
ORD-722477640,2026-04-22,VYE-3450-BC,2
ORD-235227790,2026-03-02,JFG-4059-BT,9
ORD-735605183,2026-06-22,LDE-5561-AB,9
ORD-278748736,2026-06-20,ZMT-4826-ZA,7
ORD-364006798,2026-02-19,AVQ-2602-GD,6
ORD-287657757,2026-01-08,QIQ-4858-GV,5
ORD-936941211,2026-02-24,JFQ-2161-JM,8
ORD-884372780,2025-11-09,JRJ-3044-RK,9
ORD-361365635,2025-12-05,SQJ-6851-MV,6
ORD-912266288,2026-01-11,GTS-2961-MC,1
ORD-846615771,2026-09-20,QBC-4687-EB,5
ORD-810054147,2026-07-09,UOU-8134-LR,6
ORD-292104034,2026-06-03,PLS-4578-QE,5
ORD-275557194,2025-10-15,QBC-4687-EB,2
ORD-569664285,2026-06-08,JLN-1757-ET,8
ORD-923887310,2025-11-05,XNY-4376-JR,7
ORD-341812882,2026-01-14,PKX-5138-CL,8
ORD-579299410,2025-11-06,WPN-1619-JK,7
ORD-984373807,2026-04-21,KBB-8886-NE,8
ORD-584355455,2026-01-28,UOU-8134-LR,2
ORD-223222937,2025-11-13,RSJ-8290-CT,4
ORD-838395476,2026-03-10,JRJ-3044-RK,8
ORD-790264498,2025-10-14,MZJ-2991-QZ,3
ORD-252172654,2026-07-13,ULC-5064-OU,7
ORD-702430281,2026-06-12,DWM-4266-IL,6
ORD-268960296,2026-01-03,AQO-4304-DP,3
ORD-203972973,2026-02-16,QBS-2485-VZ,2
ORD-863934981,2025-11-30,VJL-8744-XN,1
ORD-841847706,2025-11-16,UOU-8134-LR,5
ORD-286873973,2026-05-08,HYP-6770-TJ,7
ORD-607015545,2026-06-23,TZI-9725-WZ,5
ORD-779347898,2026-07-17,BZG-3397-DG,2
ORD-418910894,2026-02-18,OLY-4120-OL,7
ORD-409880531,2026-01-22,KFZ-3438-UO,4
ORD-410699242,2026-03-28,WBF-8296-CI,1
ORD-217815054,2025-10-14,AKW-6214-KB,3
ORD-420519064,2026-10-01,SIO-9071-VU,2
ORD-430921852,2026-03-26,UOU-8134-LR,3
ORD-560086174,2026-01-07,SMZ-2424-CZ,5
ORD-549567314,2026-03-09,TEU-6306-DW,5
ORD-719958760,2026-07-27,TZE-7209-SJ,4
ORD-855445250,2026-05-24,BMN-1138-NX,8
ORD-407863166,2025-11-24,CYU-9231-WQ,3
ORD-238724536,2026-01-05,VJL-8744-XN,5
ORD-397427677,2025-11-13,DPS-6493-GH,1
ORD-311381612,2026-10-05,ENS-7914-CD,6
ORD-669005153,2026-10-05,AVQ-2602-GD,8
ORD-558966316,2026-08-30,DWM-4266-IL,5
ORD-835025232,2026-06-21,WVS-7789-BM,6
ORD-293196803,2026-08-04,HXK-2031-GS,1
ORD-309853552,2026-08-22,DIV-1664-AI,1
ORD-631670732,2025-11-08,AOX-2295-KX,9
ORD-482484005,2026-06-25,UKF-2323-DR,7
ORD-271626549,2026-08-18,WBF-8296-CI,9
ORD-845584108,2026-04-27,DWM-4266-IL,8
ORD-513023830,2025-12-18,HXK-2031-GS,9
ORD-920698274,2026-05-20,AKW-6214-KB,8
ORD-261113338,2026-03-03,MOB-2662-PY,9
ORD-834999956,2025-11-03,ENS-7914-CD,3
ORD-439428679,2026-09-16,UJL-8144-FB,7
ORD-987359125,2026-08-02,JLN-1757-ET,7
ORD-811999355,2026-03-07,HYP-6770-TJ,7
ORD-537412064,2026-05-08,WCV-3480-ZL,4
ORD-877297902,2026-03-23,PLS-4578-QE,8
ORD-665271313,2025-10-19,JFQ-2161-JM,6
ORD-619376190,2026-05-25,ENS-7914-CD,5
ORD-918355051,2026-05-04,MZY-9033-DB,2
ORD-165582236,2026-08-04,JAW-8357-TO,5
ORD-988209524,2025-12-12,AVQ-2602-GD,4
ORD-815143039,2025-11-07,ENS-7914-CD,4
ORD-136519003,2026-01-25,BZZ-7801-GR,2
ORD-648088829,2026-05-16,TUG-8815-OQ,1
ORD-890873502,2025-11-22,WVS-7789-BM,2
ORD-556259017,2025-11-22,FDW-2974-MM,6
ORD-182181208,2025-12-20,WVS-7789-BM,8
ORD-937451409,2026-05-01,VYE-3450-BC,9
ORD-339528730,2026-08-16,MOB-2662-PY,8
ORD-269627717,2026-03-22,BMA-2606-MR,4
ORD-249513380,2025-11-16,NMZ-7286-BF,9
ORD-814945244,2026-06-23,BZG-3397-DG,4
ORD-563638632,2026-08-04,QBS-2485-VZ,3
ORD-941395414,2026-07-07,YFN-4144-LD,1
ORD-701478746,2026-07-20,WCV-3480-ZL,4
ORD-674289103,2026-05-05,DXC-6409-PR,3
ORD-195788861,2026-04-16,ATG-6478-FH,3
ORD-517013621,2026-02-19,RSJ-8290-CT,7
ORD-313742415,2026-06-23,TAG-4030-WD,4
ORD-605395159,2026-05-18,RKL-1688-XW,6
ORD-269161616,2026-07-02,DIV-1664-AI,5
ORD-418863808,2026-06-19,AQO-4304-DP,6
ORD-356156835,2026-09-13,RTY-1001-BP,4
ORD-543571378,2026-06-03,GTS-2961-MC,7
ORD-402606704,2026-07-08,HYP-6770-TJ,3
ORD-144748624,2026-01-30,JFQ-2161-JM,1
ORD-411683496,2025-12-13,NMZ-7286-BF,3
ORD-793891530,2026-09-16,YUJ-9932-TE,3
ORD-702951599,2026-08-09,BMA-2606-MR,8
ORD-554966373,2025-12-28,WHB-9752-TV,3
ORD-984315631,2026-06-09,MZY-9033-DB,3
ORD-867063686,2025-10-13,ACX-7534-WZ,7
ORD-242530822,2025-10-28,AOX-2295-KX,7
ORD-326560971,2026-03-29,VJL-8744-XN,7
ORD-665661401,2026-04-21,AMV-7840-KA,8
ORD-154349899,2026-08-04,JAE-3474-IK,8
ORD-158288551,2026-04-01,JAW-8357-TO,3
ORD-843961978,2026-09-14,WPN-1619-JK,8
ORD-451299706,2026-06-04,JFG-4059-BT,4
ORD-731511693,2026-06-07,WMO-2671-XI,1
ORD-188719737,2026-09-16,FDW-2974-MM,5
ORD-322606123,2025-11-17,WBF-8296-CI,6
ORD-959617936,2026-03-29,AQO-4304-DP,9
ORD-306447625,2025-12-29,RSJ-8290-CT,8
ORD-620428480,2026-08-07,QBC-4687-EB,4
ORD-101866533,2025-12-17,UOU-8134-LR,9
ORD-279156936,2025-11-08,SQU-4445-RD,7
ORD-519465409,2025-12-08,ZRO-2494-CK,2
ORD-969254040,2025-11-11,ALL-3914-AH,2
ORD-177442763,2025-12-20,CKY-1584-BI,5
ORD-159288970,2026-07-07,EEZ-4650-KQ,9
ORD-728106110,2026-07-17,ZMT-4826-ZA,9
ORD-684653248,2026-07-04,JPC-4038-ZD,6
ORD-792645787,2025-11-10,JFQ-2161-JM,5
ORD-121064194,2026-01-12,ULC-5064-OU,1
ORD-533018980,2026-02-10,ZMT-4826-ZA,6
ORD-299532109,2026-01-03,VGT-2396-BC,3
ORD-645826941,2026-08-01,THE-4063-OD,3
ORD-977055921,2026-01-14,QBC-4687-EB,8
ORD-247614872,2025-12-24,QID-8246-VF,2
ORD-809330385,2025-12-26,JFG-4059-BT,5
ORD-582416262,2026-03-27,CEN-5905-RN,1
ORD-254507479,2025-12-16,JAW-8357-TO,4
ORD-146621856,2026-09-06,BZZ-7801-GR,3
ORD-716589306,2025-10-19,AMV-7840-KA,6
ORD-723818255,2025-11-13,CEN-5905-RN,7
ORD-390335466,2026-02-01,JFQ-2161-JM,7
ORD-478195740,2026-08-08,SQJ-6851-MV,9
ORD-426391732,2026-06-05,NMZ-7286-BF,4
ORD-150777865,2025-10-22,WPN-1619-JK,3
ORD-769381999,2026-07-06,ZMT-4826-ZA,5
ORD-511466561,2026-01-04,DXC-6409-PR,3
ORD-924394675,2026-04-25,FWV-4332-YB,7
ORD-426623302,2026-05-18,AMV-7840-KA,1
ORD-879758485,2026-09-09,DRP-8766-KZ,2
ORD-705511751,2026-02-17,JFQ-2161-JM,9
ORD-859110397,2026-08-10,YUJ-9932-TE,4
ORD-874653975,2026-07-06,WCV-3480-ZL,4
ORD-372132570,2025-10-12,DWM-4266-IL,6
ORD-863136775,2026-04-14,HYP-6770-TJ,5
ORD-469284083,2026-01-03,AQO-4304-DP,6
ORD-681161556,2026-02-21,CKY-1584-BI,6
ORD-813080283,2026-03-14,LDE-5561-AB,4
ORD-794910286,2026-04-20,SIO-9071-VU,5
ORD-191750400,2026-02-08,QBS-2485-VZ,3
ORD-678623787,2026-04-02,JFG-4059-BT,5
ORD-328444073,2025-12-04,AVQ-2602-GD,6
ORD-689985474,2025-10-11,WCV-3480-ZL,1
ORD-264918404,2026-02-14,SIO-9071-VU,4
ORD-515873933,2026-06-06,AMV-7840-KA,1
ORD-106199706,2026-05-14,DRP-8766-KZ,9
ORD-708387501,2026-08-25,AVQ-2602-GD,6
ORD-133118284,2026-09-15,FDW-2974-MM,1
ORD-720109731,2026-02-24,QBS-2485-VZ,8
ORD-413440908,2026-08-22,YFN-4144-LD,1
ORD-333744547,2025-12-28,XYZ-5564-JO,2
ORD-961518551,2025-11-08,UOU-8134-LR,2
ORD-462696641,2026-07-24,WHB-9752-TV,7
ORD-223544781,2025-11-16,SIO-9071-VU,3
ORD-940932546,2025-12-15,AOX-2295-KX,9
ORD-495473282,2026-08-16,MZY-9033-DB,4
ORD-805870527,2026-09-14,JPC-4038-ZD,5
ORD-933533159,2026-09-15,AOX-2295-KX,9
ORD-307013163,2026-01-14,JFG-4059-BT,4
ORD-974640439,2026-09-01,JAW-8357-TO,8
ORD-355491362,2025-10-31,DRP-8766-KZ,1
ORD-731030146,2026-08-11,ULC-5064-OU,3
ORD-326195604,2025-10-12,CEN-5905-RN,8
ORD-938198386,2026-07-07,THE-4063-OD,9
ORD-470873248,2026-05-17,ATG-6478-FH,7
ORD-897796685,2025-11-26,SMZ-2424-CZ,9
ORD-645573631,2025-12-03,RSJ-8290-CT,4
ORD-635652493,2026-02-15,DQH-3679-CN,7
ORD-373602331,2025-12-09,MYN-1663-IQ,8
ORD-383587496,2026-10-02,RSJ-8290-CT,1
ORD-952591744,2026-02-09,PIA-9520-VS,8
ORD-568613378,2026-08-03,ENS-7914-CD,8
ORD-937598458,2025-11-20,ULC-5064-OU,1
ORD-497243727,2026-02-25,AMV-7840-KA,6
ORD-666276460,2026-05-12,GTS-2961-MC,6
ORD-260999540,2025-11-19,WPN-1619-JK,2
ORD-390332029,2026-09-03,BZG-3397-DG,2
ORD-436832104,2026-05-07,YFN-4144-LD,9
ORD-403804253,2026-09-11,BZZ-7801-GR,6
ORD-274255822,2026-04-30,DPS-6493-GH,4
ORD-608091576,2025-11-08,ATG-6478-FH,5
ORD-944966188,2026-03-17,AKW-6214-KB,4
ORD-694374429,2026-04-15,QBS-2485-VZ,3
ORD-620381905,2026-06-19,ZMT-4826-ZA,8
ORD-699209935,2026-07-01,SMZ-2424-CZ,9
ORD-919328572,2026-09-28,TUG-8815-OQ,4
ORD-276529486,2025-10-29,JAE-3474-IK,7
ORD-634441406,2026-02-28,MZY-9033-DB,7
ORD-138484693,2026-05-10,JAE-3474-IK,3
ORD-271559051,2026-01-09,JAW-8357-TO,3
ORD-725714555,2025-12-06,XNY-4376-JR,2
ORD-737601624,2026-07-02,THE-4063-OD,4
ORD-677652981,2026-05-27,BZG-3397-DG,6
ORD-246877724,2026-05-06,GAG-3018-XA,8
ORD-665563398,2025-11-14,ZSW-4559-NC,5
ORD-456581025,2026-03-16,ULC-5064-OU,6
ORD-514553631,2026-03-21,WHB-9752-TV,8
ORD-619867791,2026-03-16,XYZ-5564-JO,4
ORD-895892079,2025-12-08,DPS-6493-GH,6
ORD-237634217,2026-07-20,ENS-7914-CD,9
ORD-295800279,2026-05-08,PIA-9520-VS,8
ORD-338550047,2025-12-26,EDT-8993-ES,8
ORD-781016346,2026-08-30,ACX-7534-WZ,9
ORD-386281692,2026-01-20,QIQ-4858-GV,1
ORD-627829738,2026-01-15,ACX-7534-WZ,5
ORD-613273902,2025-10-21,MZJ-2991-QZ,8
ORD-911431826,2026-03-31,MZY-9033-DB,6
ORD-803407182,2026-06-14,AKW-6214-KB,9
ORD-395892700,2026-05-21,RSJ-8290-CT,2
ORD-345063327,2025-12-13,IWF-2641-PM,6
ORD-804269984,2026-04-20,FWV-4332-YB,9
ORD-535037789,2025-12-28,MOB-2662-PY,2
ORD-124587415,2026-07-12,PLS-4578-QE,3
ORD-430985156,2026-03-02,ZRO-2494-CK,3
ORD-819504800,2026-08-29,SMZ-2424-CZ,2
ORD-428524162,2025-11-28,BMN-1138-NX,7
ORD-811318021,2026-08-15,ZMT-4826-ZA,6
ORD-873924847,2026-08-13,DWM-4266-IL,4
ORD-469160311,2026-08-29,EAG-6934-KP,3
ORD-718413074,2026-03-03,ZSW-4559-NC,6
ORD-951935057,2026-02-02,DQH-3679-CN,9
ORD-975443508,2026-03-04,QBC-4687-EB,2
ORD-799786645,2026-06-14,YFN-4144-LD,4
ORD-126971721,2026-09-17,TEU-6306-DW,8
ORD-337524003,2026-01-25,ULC-5064-OU,1
ORD-970126864,2026-09-04,THE-4063-OD,1
ORD-166216616,2026-10-02,WBF-8296-CI,9
ORD-455878246,2026-02-15,DRP-8766-KZ,2
ORD-653433975,2026-07-15,YEX-1503-ZO,5
ORD-123270159,2026-09-28,ZRO-2494-CK,2
ORD-691494773,2026-02-05,RSJ-8290-CT,5
ORD-255438322,2026-02-09,UKF-2323-DR,4
ORD-737730069,2025-10-08,MZJ-2991-QZ,6
ORD-559338433,2026-07-06,WEZ-8309-MF,7
ORD-596958817,2026-06-10,MZY-9033-DB,1
ORD-574448053,2026-01-09,DPS-6493-GH,6
ORD-179581158,2026-04-03,LMR-3124-JD,9
ORD-524017363,2026-09-02,QIQ-4858-GV,9
ORD-770445754,2025-10-06,EDT-8993-ES,7
ORD-470613987,2026-09-19,ZRO-2494-CK,3
ORD-480171115,2025-12-10,QBS-2485-VZ,5
ORD-761228614,2026-03-31,CVP-4807-RY,6
ORD-934654941,2026-01-23,QIQ-4858-GV,6
ORD-286110489,2026-04-04,JAW-8357-TO,8
ORD-944507612,2026-03-12,BMA-2606-MR,4
ORD-107594253,2026-02-19,THE-4063-OD,9
ORD-224015685,2025-12-20,YFN-4144-LD,5
ORD-282826043,2025-10-16,THE-4063-OD,6
ORD-761996973,2026-03-22,YEX-1503-ZO,7
ORD-417735058,2025-12-16,PIA-9520-VS,5
ORD-470005794,2026-05-27,JAE-3474-IK,7
ORD-745139344,2026-05-13,CVP-4807-RY,7
ORD-872467810,2026-07-17,DPS-6493-GH,7
ORD-320302410,2025-10-19,HYP-6770-TJ,8
ORD-806740089,2026-08-29,VJL-8744-XN,6
ORD-645198362,2025-12-28,DQH-3679-CN,4
ORD-627248011,2026-07-08,VGT-2396-BC,8
ORD-368025670,2026-07-11,GTS-2961-MC,3
ORD-887504369,2026-01-13,JAE-3474-IK,3
ORD-935890259,2026-10-06,ACX-7534-WZ,9
ORD-503067660,2025-12-05,XNY-4376-JR,1
ORD-375818507,2026-03-26,UKF-2323-DR,5
ORD-519043319,2026-09-08,TZE-7209-SJ,9
ORD-169347846,2026-09-21,ZMT-4826-ZA,5
ORD-366821437,2025-10-12,LDE-5561-AB,8
ORD-714796081,2026-05-10,YFN-4144-LD,6
ORD-880527499,2026-02-11,WHB-9752-TV,6
ORD-430576723,2026-05-04,TAG-4030-WD,9
ORD-319947776,2026-01-26,QBS-2485-VZ,3
ORD-369892475,2025-11-17,SMZ-2424-CZ,9
ORD-855617473,2026-03-29,YEX-1503-ZO,1
ORD-693291394,2026-09-09,QID-8246-VF,7
ORD-780169854,2025-12-18,PLS-4578-QE,6
ORD-101052477,2026-06-04,JAE-3474-IK,6
ORD-206112343,2026-05-29,VYE-3450-BC,9
ORD-510613006,2025-10-21,YFN-4144-LD,5
ORD-363988665,2025-11-21,PIA-9520-VS,2
ORD-471694174,2026-07-26,HYP-6770-TJ,4
ORD-803858145,2026-07-07,TEU-6306-DW,7
ORD-981901129,2026-05-30,TZE-7209-SJ,1
ORD-394995025,2026-01-05,JFG-4059-BT,1
ORD-585415206,2026-01-21,VJL-8744-XN,6
ORD-143637400,2026-03-08,TUG-8815-OQ,1
ORD-311763316,2026-05-16,TAG-4030-WD,2
ORD-316162911,2026-08-04,JLN-1757-ET,7
ORD-537236866,2026-06-17,SIO-9071-VU,2
ORD-789658610,2026-01-02,JFG-4059-BT,3
ORD-292692032,2026-04-18,WBF-8296-CI,8
ORD-663651887,2026-05-17,VYE-3450-BC,7
ORD-706536676,2026-04-11,MOB-2662-PY,6
ORD-391233612,2026-04-12,QBC-4687-EB,2
ORD-707888622,2025-10-06,SQU-4445-RD,7
ORD-186676970,2026-02-09,LDE-5561-AB,9
ORD-894714022,2025-10-27,HXK-2031-GS,6
ORD-296045113,2026-09-28,RTY-1001-BP,6
ORD-657490360,2026-08-06,TUG-8815-OQ,6
ORD-688539151,2026-09-15,ENS-7914-CD,4
ORD-440271079,2025-11-07,JPC-4038-ZD,2
ORD-158743061,2025-11-11,CKY-1584-BI,8
ORD-519131896,2026-05-23,BZG-3397-DG,8
ORD-467650358,2026-02-14,ACX-7534-WZ,3
ORD-581419942,2025-11-09,JFQ-2161-JM,3
ORD-543688438,2026-02-08,QBC-4687-EB,7
ORD-756056675,2025-12-08,XNY-4376-JR,8
ORD-357055079,2026-02-12,EAG-6934-KP,1
ORD-826035240,2026-05-05,FDW-2974-MM,9
ORD-181714508,2026-01-04,VYE-3450-BC,3
ORD-547444347,2026-10-01,WBF-8296-CI,5
ORD-759344882,2026-06-08,SIO-9071-VU,1
ORD-629561950,2026-07-23,ZRO-2494-CK,1
ORD-267190375,2026-06-16,DQH-3679-CN,1
ORD-946724135,2026-06-22,GTS-2961-MC,4
ORD-565968641,2025-11-28,EEZ-4650-KQ,1
ORD-319626034,2025-12-05,CVP-4807-RY,1
ORD-324039975,2026-09-28,VAR-7973-TD,9
ORD-937448457,2025-10-07,BZG-3397-DG,9
ORD-966272086,2026-06-04,DIV-1664-AI,8
ORD-845534091,2026-05-22,CVP-4807-RY,8
ORD-661316788,2026-03-01,TZI-9725-WZ,8
ORD-856498891,2026-06-30,FWV-4332-YB,8
ORD-312677915,2025-11-02,XNY-4376-JR,1
ORD-448178573,2026-07-19,YFN-4144-LD,2
ORD-982765867,2026-06-14,QID-8246-VF,7
ORD-754420989,2026-06-29,VGT-2396-BC,7
ORD-434603868,2025-12-09,EDT-8993-ES,9
ORD-386829477,2026-09-04,MZY-9033-DB,2
ORD-945162824,2026-03-07,VGT-2396-BC,2
ORD-475698253,2026-09-10,PLS-4578-QE,9
ORD-616773211,2026-01-22,YFN-4144-LD,8
ORD-781336738,2026-04-05,QSI-6450-CP,9
ORD-642600198,2026-01-03,SMZ-2424-CZ,4
ORD-980971476,2026-01-04,BZZ-7801-GR,7
ORD-569339277,2026-01-15,WHB-9752-TV,1
ORD-359889879,2025-11-24,KBB-8886-NE,4
ORD-703758345,2026-09-27,ULC-5064-OU,8
ORD-636851678,2025-10-26,ULC-5064-OU,9
ORD-606473407,2026-08-20,TZI-9725-WZ,2
ORD-837862537,2026-08-10,ENS-7914-CD,2
ORD-678888886,2026-01-02,AKW-6214-KB,5
ORD-943397433,2026-08-04,EEZ-4650-KQ,4
ORD-378648389,2026-09-27,ENS-7914-CD,8
ORD-415186457,2026-01-16,WEZ-8309-MF,5
ORD-343163373,2026-04-24,QPV-6283-PP,4
ORD-363456007,2026-08-07,ACX-7534-WZ,9
ORD-936951735,2025-11-24,IWF-2641-PM,6
ORD-338878547,2026-01-10,ATG-6478-FH,1
ORD-662241307,2026-05-14,RSJ-8290-CT,8
ORD-389056085,2026-04-21,TEW-6083-MX,1
ORD-483197481,2026-02-21,QBC-4687-EB,9
ORD-502308394,2026-03-11,VJL-8744-XN,5
ORD-400277854,2026-04-21,JPC-4038-ZD,6
ORD-719659591,2026-01-20,WMO-2671-XI,1
ORD-492322260,2026-06-25,ZSW-4559-NC,6
ORD-739846038,2026-04-06,QSI-6450-CP,6
ORD-696428925,2026-07-24,UJL-8144-FB,1
ORD-524007651,2026-05-10,SIO-9071-VU,3
ORD-941391745,2026-09-02,RKL-1688-XW,5
ORD-599313029,2026-05-12,AMV-7840-KA,4
ORD-424860192,2025-10-28,TAG-4030-WD,4
ORD-743150429,2026-02-11,LMR-3124-JD,4
ORD-618962148,2025-11-17,KBB-8886-NE,5
ORD-317535114,2026-09-22,EDT-8993-ES,1
ORD-566604669,2025-10-28,RSJ-8290-CT,8
ORD-992978463,2026-07-30,JLN-1757-ET,6
ORD-123210803,2026-08-09,QBC-4687-EB,9
ORD-887648164,2026-03-23,QPV-6283-PP,9
ORD-138439048,2025-11-22,ATG-6478-FH,8
ORD-909366225,2025-11-01,ACX-7534-WZ,2
ORD-677429589,2025-10-16,MYN-1663-IQ,9
ORD-448686456,2026-06-05,SMZ-2424-CZ,1
ORD-332366613,2026-03-27,RSJ-8290-CT,4
ORD-947889582,2026-07-04,UOU-8134-LR,5
ORD-131545992,2025-12-26,NMZ-7286-BF,3
ORD-916228891,2025-12-31,DRP-8766-KZ,1
ORD-166185652,2026-08-09,JLN-1757-ET,8
ORD-440209783,2026-09-06,ZSW-4559-NC,1
ORD-146372021,2026-09-03,TZI-9725-WZ,3
ORD-691460283,2025-11-01,NMZ-7286-BF,9
ORD-694164268,2026-04-07,ZRO-2494-CK,4
ORD-575070015,2025-10-09,SQU-4445-RD,1
ORD-281019726,2026-03-20,WBF-8296-CI,8
ORD-202725233,2026-09-27,CVP-4807-RY,6
ORD-828812690,2026-04-18,JLN-1757-ET,8
ORD-915771237,2026-05-02,RTY-1001-BP,2
ORD-387217808,2026-07-01,QSI-6450-CP,7
ORD-810309047,2025-12-10,YUJ-9932-TE,5
ORD-748317384,2026-01-09,TEW-6083-MX,4
ORD-347877315,2026-03-25,VYE-3450-BC,7
ORD-446132276,2026-08-28,KBB-8886-NE,1
ORD-866915817,2026-02-16,ULC-5064-OU,8
ORD-153250066,2026-01-14,JPC-4038-ZD,5
ORD-317237192,2025-12-08,ALL-3914-AH,9
ORD-372063720,2026-01-06,VYE-3450-BC,2
ORD-538073668,2026-09-24,MZY-9033-DB,2
ORD-928731197,2026-02-10,EAG-6934-KP,5
ORD-384154177,2026-03-12,KFZ-3438-UO,7
ORD-539030882,2026-06-21,QPV-6283-PP,5
ORD-942599645,2025-11-12,VAR-7973-TD,9
ORD-669805613,2026-08-27,THE-4063-OD,7
ORD-970174780,2026-06-20,TZI-9725-WZ,6
ORD-296909039,2026-03-01,DIV-1664-AI,9
ORD-865986294,2026-01-23,JAW-8357-TO,6
ORD-829428113,2026-07-05,PLS-4578-QE,1
ORD-113953526,2026-01-04,AOX-2295-KX,2
ORD-322096811,2026-08-11,TEW-6083-MX,3
ORD-472183626,2026-04-25,IWF-2641-PM,7
ORD-956687622,2025-11-12,KBB-8886-NE,3
ORD-557053506,2026-05-14,WPN-1619-JK,3
ORD-729281797,2026-03-30,MYN-1663-IQ,1
ORD-385741170,2025-12-22,ENS-7914-CD,9
ORD-907464971,2025-12-09,AQO-4304-DP,8
ORD-705430319,2026-08-12,AOX-2295-KX,4
ORD-494651679,2026-03-31,PKX-5138-CL,6
ORD-686571604,2026-03-12,LDE-5561-AB,7
ORD-369837166,2026-01-17,GAG-3018-XA,2
ORD-893071794,2026-06-19,MYN-1663-IQ,5
ORD-518293224,2026-04-15,JLN-1757-ET,7
ORD-305816871,2026-10-04,CVP-4807-RY,1
ORD-503925205,2026-05-02,MZY-9033-DB,1
ORD-829275577,2026-06-09,KBB-8886-NE,4
ORD-489786925,2026-04-20,CEN-5905-RN,1
ORD-861640593,2025-10-18,QBC-4687-EB,7
ORD-633525868,2026-06-29,ZZD-5202-EU,2
ORD-119057964,2026-08-18,VYE-3450-BC,2
ORD-354423008,2026-04-18,DQH-3679-CN,6
ORD-346690145,2025-12-05,EDT-8993-ES,2
ORD-479464888,2026-08-03,HXK-2031-GS,2
ORD-265051058,2026-08-21,WHL-3793-KN,2
ORD-955491883,2026-08-18,NMZ-7286-BF,7
ORD-287201794,2026-01-31,DXC-6409-PR,9
ORD-927024814,2026-06-22,UOU-8134-LR,6
ORD-833971658,2026-05-09,CEN-5905-RN,4
ORD-282259239,2026-02-23,PKX-5138-CL,5
ORD-387837319,2025-11-13,YFN-4144-LD,9
ORD-915618447,2026-06-01,DRP-8766-KZ,2
ORD-873502939,2026-08-05,AMV-7840-KA,6
ORD-323429503,2026-05-10,TZE-7209-SJ,6
ORD-198773466,2025-10-06,QSI-6450-CP,1
ORD-361825108,2025-11-01,CEN-5905-RN,5
ORD-823261405,2025-11-16,BZZ-7801-GR,7
ORD-156425814,2026-01-06,XYZ-5564-JO,2
ORD-853260232,2026-06-25,ZSW-4559-NC,4
ORD-674056353,2026-09-22,HYP-6770-TJ,3
ORD-590969196,2025-10-31,ZSW-4559-NC,2
ORD-640922008,2025-12-11,DPS-6493-GH,8
ORD-325594213,2025-12-08,DQH-3679-CN,6
ORD-892270371,2025-12-02,MYN-1663-IQ,5
ORD-568007777,2026-03-07,ACX-7534-WZ,4
ORD-703496876,2025-11-01,KBB-8886-NE,3
ORD-976516985,2026-07-02,QBS-2485-VZ,8
ORD-113530254,2026-02-26,AMV-7840-KA,4
ORD-728954759,2026-02-24,VYE-3450-BC,2
ORD-228502044,2026-09-13,DQH-3679-CN,4
ORD-435260581,2025-10-11,SMZ-2424-CZ,9
ORD-336057415,2026-05-01,DXC-6409-PR,7
ORD-140697214,2025-11-25,GTS-2961-MC,2
ORD-578821316,2026-08-29,TEW-6083-MX,3
ORD-843826542,2026-06-21,AVQ-2602-GD,2
ORD-803116816,2026-06-14,CKY-1584-BI,5
ORD-799323558,2026-10-01,CYU-9231-WQ,9
ORD-921417302,2025-11-17,WEZ-8309-MF,4
ORD-304179787,2026-09-07,EDT-8993-ES,3
ORD-741305744,2026-08-18,DQH-3679-CN,4
ORD-339275440,2026-01-21,CVP-4807-RY,7
ORD-410286816,2026-03-05,UKF-2323-DR,1
ORD-521773825,2026-02-26,DXC-6409-PR,7
ORD-209502329,2025-10-08,CYU-9231-WQ,1
ORD-406305580,2025-10-22,YFN-4144-LD,9
ORD-766120260,2026-04-29,TAG-4030-WD,8
ORD-201418659,2026-07-20,VYE-3450-BC,1
ORD-538499126,2025-12-20,WBF-8296-CI,1
ORD-177728728,2025-11-09,VGT-2396-BC,4
ORD-933317714,2026-06-02,HYP-6770-TJ,8
ORD-499022984,2026-04-21,YUJ-9932-TE,6
ORD-880882428,2026-06-07,THE-4063-OD,1
ORD-566974737,2026-02-25,PKX-5138-CL,8
ORD-546906268,2026-09-13,VAR-7973-TD,1
ORD-333502275,2026-07-26,BZG-3397-DG,7
ORD-239926537,2026-07-05,VJL-8744-XN,8
ORD-922508717,2026-01-11,JLN-1757-ET,9
ORD-681157401,2026-07-20,QPV-6283-PP,6
ORD-302797350,2026-08-23,QPV-6283-PP,6
ORD-290935980,2025-11-17,WBF-8296-CI,6
ORD-524148939,2026-06-10,JAE-3474-IK,3
ORD-309538571,2026-07-13,RTY-1001-BP,7
ORD-216983055,2026-02-24,PKX-5138-CL,9
ORD-775032725,2026-05-12,RTY-1001-BP,5
ORD-108591001,2026-07-25,PKX-5138-CL,5
ORD-488756562,2026-02-01,MOB-2662-PY,6
ORD-734483434,2026-03-04,VGT-2396-BC,8
ORD-296409256,2026-02-10,RTY-1001-BP,6
ORD-825465658,2026-02-15,TUG-8815-OQ,6
ORD-653632462,2026-08-06,EEZ-4650-KQ,2
ORD-502393786,2026-08-16,CYU-9231-WQ,1
ORD-191047299,2026-10-03,IWF-2641-PM,3
ORD-572257087,2026-09-21,LDE-5561-AB,2
ORD-675346463,2025-11-03,GTS-2961-MC,2
ORD-170281382,2026-04-18,ALL-3914-AH,1
ORD-239496911,2026-04-29,JFQ-2161-JM,2
ORD-181758325,2026-07-21,SQU-4445-RD,3
ORD-993223218,2026-07-13,GTS-2961-MC,5
ORD-667015640,2026-03-28,CVP-4807-RY,5
ORD-362409677,2026-06-19,UKU-3036-VW,1
ORD-416311239,2025-12-23,AOX-2295-KX,7
ORD-629761802,2026-02-02,PLS-4578-QE,3
ORD-384719080,2025-12-29,RKL-1688-XW,3
ORD-365715841,2026-02-01,PIA-9520-VS,2
ORD-215250088,2026-04-06,THE-4063-OD,2
ORD-964272308,2025-12-30,JPC-4038-ZD,5
ORD-272099184,2025-10-20,PLS-4578-QE,1
ORD-184660388,2026-01-26,ULC-5064-OU,6
ORD-557594547,2026-08-27,GTS-2961-MC,9
ORD-789185709,2025-11-16,QPV-6283-PP,8
ORD-484198261,2026-01-24,ZMT-4826-ZA,2
ORD-576773029,2026-06-16,AKW-6214-KB,2
ORD-569459258,2025-11-13,KFZ-3438-UO,5
ORD-278762266,2026-02-25,WHB-9752-TV,7
ORD-305520189,2025-11-25,TEU-6306-DW,2
ORD-346732919,2026-08-27,SMZ-2424-CZ,5
ORD-949918019,2026-01-22,QBS-2485-VZ,8
ORD-639076566,2026-05-12,JFQ-2161-JM,5
ORD-415691309,2026-03-12,PIA-9520-VS,8
ORD-730267649,2025-10-13,AKW-6214-KB,1
ORD-307674593,2026-06-27,JFG-4059-BT,4
ORD-406700021,2026-05-30,CEN-5905-RN,4
ORD-125111021,2026-09-30,JFG-4059-BT,9
ORD-340282514,2026-09-19,AMV-7840-KA,2
ORD-722761599,2026-02-22,YUJ-9932-TE,7
ORD-231473194,2026-03-18,PLS-4578-QE,5
ORD-949695988,2026-07-28,WPN-1619-JK,8
ORD-353428586,2025-12-22,WPN-1619-JK,4
ORD-935724523,2025-11-30,CEN-5905-RN,8
ORD-328539426,2026-04-04,QID-8246-VF,3
ORD-450757400,2026-01-14,PLS-4578-QE,3
ORD-380209953,2026-08-01,RSJ-8290-CT,8
ORD-647343053,2026-04-19,AKW-6214-KB,4
ORD-580453761,2026-05-29,ZRO-2494-CK,6
ORD-213782525,2026-03-11,CYU-9231-WQ,2
ORD-790372514,2026-04-06,SQJ-6851-MV,2
ORD-298485933,2025-10-31,TZE-7209-SJ,2
ORD-466620326,2026-05-10,DPS-6493-GH,3
ORD-455560607,2026-10-05,MZY-9033-DB,2
ORD-999830057,2026-04-23,JFQ-2161-JM,7
ORD-772192080,2025-12-13,OKQ-3335-LO,3
ORD-145530699,2026-02-06,FDW-2974-MM,4
ORD-368112692,2026-08-31,QBC-4687-EB,1
ORD-657363845,2026-01-06,VJL-8744-XN,2
ORD-768130185,2026-09-15,PLS-4578-QE,4
ORD-298573966,2026-06-21,EDT-8993-ES,1
ORD-240416428,2026-03-20,BZG-3397-DG,8
ORD-645976079,2026-03-23,JAE-3474-IK,9
ORD-819904194,2026-06-29,QBC-4687-EB,8
ORD-195197453,2026-01-13,AKW-6214-KB,4
ORD-937338591,2026-06-26,JFG-4059-BT,2
ORD-475759989,2026-08-20,YFN-4144-LD,7
ORD-866100660,2026-03-07,JFQ-2161-JM,8
ORD-145598466,2026-01-29,GTS-2961-MC,5
ORD-415875474,2026-05-04,OKQ-3335-LO,1
ORD-239370011,2025-10-26,DWM-4266-IL,9
ORD-394913169,2026-02-01,GAG-3018-XA,5
ORD-534041989,2026-06-25,AOX-2295-KX,6
ORD-617848172,2026-07-27,CKY-1584-BI,3
ORD-132595029,2026-08-19,AVQ-2602-GD,3
ORD-912133500,2026-01-14,WMO-2671-XI,9
ORD-936036428,2026-05-08,BZG-3397-DG,2
ORD-551064753,2026-08-07,QBC-4687-EB,7
ORD-815203427,2026-03-06,PLS-4578-QE,4
ORD-431662024,2025-10-08,YEX-1503-ZO,3
ORD-294202769,2026-08-28,DWM-4266-IL,4
ORD-555517586,2026-08-27,DIV-1664-AI,9
ORD-143208036,2026-09-04,TZI-9725-WZ,1
ORD-748957620,2026-06-19,IWF-2641-PM,5
ORD-389350899,2026-07-14,EDT-8993-ES,4
ORD-182815113,2025-11-05,RKL-1688-XW,4
ORD-677447990,2026-04-16,TZI-9725-WZ,6
ORD-852509983,2026-10-03,JRJ-3044-RK,9
ORD-446776482,2025-12-28,MZJ-2991-QZ,2
ORD-579186030,2026-04-01,OLY-4120-OL,8
ORD-705611229,2026-05-05,WBF-8296-CI,2
ORD-684403329,2026-09-21,HXK-2031-GS,1
ORD-160403478,2026-03-10,EDT-8993-ES,8
ORD-321993480,2025-10-14,MYN-1663-IQ,7
ORD-833137312,2026-05-09,KBB-8886-NE,2
ORD-713517881,2025-11-13,EAG-6934-KP,7
ORD-238411186,2026-06-21,SQJ-6851-MV,1
ORD-905182747,2026-07-03,TZE-7209-SJ,9
ORD-335193012,2026-06-17,BMA-2606-MR,1
ORD-818178125,2025-11-27,QBS-2485-VZ,7
ORD-208543341,2026-02-23,RKL-1688-XW,1
ORD-392343025,2025-12-28,ZSW-4559-NC,3
ORD-445684624,2026-07-12,MOB-2662-PY,1
ORD-492311137,2026-03-01,EDT-8993-ES,1
ORD-354828407,2025-11-01,ULC-5064-OU,3
ORD-625307332,2026-08-07,MZJ-2991-QZ,2
ORD-864191680,2026-04-22,QIQ-4858-GV,8
ORD-660186171,2026-02-15,CEN-5905-RN,1
ORD-272409551,2026-08-14,FWV-4332-YB,8
ORD-322155929,2026-06-19,WHB-9752-TV,7
ORD-420652221,2026-08-30,ZRO-2494-CK,8
ORD-276407732,2026-10-05,NMZ-7286-BF,2
ORD-240527612,2026-02-24,SIO-9071-VU,4
ORD-538708634,2026-07-12,RKL-1688-XW,5
ORD-666630935,2025-11-19,DIV-1664-AI,8
ORD-555707288,2026-06-16,ZSW-4559-NC,4
ORD-250834772,2026-02-11,RSJ-8290-CT,1
ORD-380550473,2026-06-14,WVS-7789-BM,6
ORD-191209052,2026-07-28,BMN-1138-NX,4
ORD-641425316,2026-03-03,ZZD-5202-EU,1
ORD-923729652,2026-08-22,FDW-2974-MM,7
ORD-737720334,2025-10-30,MZY-9033-DB,9
ORD-687685292,2025-10-22,DIV-1664-AI,2
ORD-947518870,2026-07-10,SQJ-6851-MV,2
ORD-843454403,2026-03-06,THE-4063-OD,1
ORD-533492845,2026-01-30,YUJ-9932-TE,7
ORD-806191781,2025-10-07,UKU-3036-VW,5
ORD-500591375,2026-03-27,ZRO-2494-CK,5
ORD-950032576,2025-10-07,ZZD-5202-EU,4
ORD-289777015,2026-06-03,ATG-6478-FH,9
ORD-202559242,2026-10-04,SQJ-6851-MV,4
ORD-580382847,2026-08-21,DPS-6493-GH,1
ORD-647450234,2025-11-22,QIQ-4858-GV,3
ORD-516588746,2026-04-24,OLY-4120-OL,4
ORD-572248788,2026-09-22,QSI-6450-CP,4
ORD-349986800,2025-10-30,GTS-2961-MC,1
ORD-555995759,2026-01-14,LDE-5561-AB,9
ORD-701985259,2026-08-08,OLY-4120-OL,8
ORD-525813884,2026-06-23,OLY-4120-OL,6
ORD-505419745,2026-06-06,DIV-1664-AI,2
ORD-900139909,2026-05-10,QIQ-4858-GV,8
ORD-172566452,2025-11-22,SMZ-2424-CZ,2
ORD-543837536,2026-06-19,DIV-1664-AI,7
ORD-293103826,2026-01-26,MOB-2662-PY,5
ORD-728364981,2026-08-08,TEU-6306-DW,5
ORD-658667601,2025-11-30,SQJ-6851-MV,7
ORD-779610097,2026-06-07,YUJ-9932-TE,4
ORD-410893806,2026-05-07,IWF-2641-PM,2
ORD-884109166,2026-05-27,ENS-7914-CD,8
ORD-903024984,2025-12-04,GAG-3018-XA,5
ORD-190037797,2026-01-31,DWM-4266-IL,3
ORD-559252504,2026-02-08,LMR-3124-JD,1
ORD-183069918,2025-11-28,BMN-1138-NX,6
ORD-867706682,2026-09-15,AKW-6214-KB,1
ORD-489938357,2026-06-19,ENS-7914-CD,6
ORD-799794918,2026-10-04,JFQ-2161-JM,3
ORD-594865600,2025-11-14,FDW-2974-MM,9
ORD-999750719,2026-03-18,WMO-2671-XI,8
ORD-506460480,2026-03-31,UOU-8134-LR,8
ORD-328081422,2026-03-09,DXC-6409-PR,8
ORD-538514850,2025-11-29,LDE-5561-AB,6
ORD-329036376,2025-11-15,WHB-9752-TV,7
ORD-142517690,2026-05-23,WMO-2671-XI,8
ORD-826393884,2026-02-06,AVQ-2602-GD,6
ORD-995154418,2026-05-24,SIO-9071-VU,1
ORD-927392892,2026-09-29,BMA-2606-MR,5
ORD-552137743,2026-06-13,WVS-7789-BM,7
ORD-336736053,2026-05-05,JRJ-3044-RK,2
ORD-799054571,2026-01-13,PKX-5138-CL,1
ORD-993302939,2026-02-27,LDE-5561-AB,6
ORD-535552224,2025-12-12,ZSW-4559-NC,2
ORD-968222277,2026-07-21,PIA-9520-VS,7
ORD-457208180,2026-01-08,QIQ-4858-GV,3
ORD-576616822,2026-08-22,SQJ-6851-MV,2
ORD-580998778,2026-06-19,MYN-1663-IQ,3
ORD-482489005,2026-07-24,ZRO-2494-CK,5
ORD-353654759,2025-12-04,UKU-3036-VW,6
ORD-615789029,2026-05-19,ENS-7914-CD,6
ORD-131728825,2025-10-20,CKY-1584-BI,2
ORD-209125391,2026-10-02,QSI-6450-CP,7
ORD-719958170,2026-02-10,GAG-3018-XA,1
ORD-359860505,2026-05-26,AOX-2295-KX,9
ORD-101370076,2026-07-04,TEU-6306-DW,8
ORD-810995267,2025-10-07,WCV-3480-ZL,1
ORD-104202470,2025-11-02,JLN-1757-ET,6
ORD-594765204,2026-04-05,OLY-4120-OL,2
ORD-930884204,2026-08-08,UJL-8144-FB,9
ORD-939692222,2026-08-29,WMO-2671-XI,8
ORD-299239450,2026-10-04,BMA-2606-MR,8
ORD-275108679,2025-10-30,XNY-4376-JR,1
ORD-601207701,2026-02-23,EAG-6934-KP,2
ORD-155188041,2026-07-15,YEX-1503-ZO,2
ORD-220986824,2026-05-03,ULC-5064-OU,8
ORD-268179870,2026-06-29,TUG-8815-OQ,2
ORD-147014207,2026-03-13,JFQ-2161-JM,2
ORD-498933292,2026-03-06,THE-4063-OD,2
ORD-164385623,2025-12-15,FWV-4332-YB,8
ORD-111473390,2026-04-04,MZJ-2991-QZ,3
ORD-740315980,2026-05-24,WMO-2671-XI,3
ORD-848268081,2026-09-17,WEZ-8309-MF,7
ORD-217627156,2025-11-20,UKU-3036-VW,4
ORD-863196367,2026-01-04,DXC-6409-PR,2
ORD-813938396,2026-08-10,JFG-4059-BT,1
ORD-926536512,2026-06-02,CKY-1584-BI,4
ORD-491765318,2025-11-16,WHB-9752-TV,6
ORD-340614666,2026-05-09,HXK-2031-GS,9
ORD-683407042,2026-04-03,YEX-1503-ZO,3
ORD-810806697,2026-06-13,CKY-1584-BI,8
ORD-264483458,2026-04-09,NMZ-7286-BF,6
ORD-245099331,2026-08-26,ACX-7534-WZ,3
ORD-844340567,2026-01-15,JFQ-2161-JM,4
ORD-386446859,2026-05-07,ZZD-5202-EU,6
ORD-769314250,2025-10-12,ULC-5064-OU,8
ORD-965494599,2026-01-21,VAR-7973-TD,5
ORD-309625181,2026-08-20,NMZ-7286-BF,5
ORD-872518713,2026-09-21,SQU-4445-RD,8
ORD-108720267,2025-11-11,WMO-2671-XI,4
ORD-753997115,2026-05-31,WBF-8296-CI,7
ORD-307880766,2026-06-02,YFN-4144-LD,2
ORD-289523809,2026-08-16,QIQ-4858-GV,5
ORD-280912746,2026-04-28,GTS-2961-MC,8
ORD-543284825,2026-02-23,WVS-7789-BM,9
ORD-989842168,2026-07-28,WMO-2671-XI,2
ORD-559846310,2026-01-30,KBB-8886-NE,7
ORD-908610367,2026-03-05,BZG-3397-DG,8
ORD-527343382,2026-01-05,DPS-6493-GH,5
ORD-444091909,2026-04-15,JAE-3474-IK,5
ORD-451099657,2026-04-03,THE-4063-OD,3
ORD-135914454,2026-05-17,SIO-9071-VU,7
ORD-367862276,2025-10-06,WVS-7789-BM,5
ORD-207950057,2026-06-29,QPV-6283-PP,5
ORD-168432472,2026-07-18,PLS-4578-QE,4
ORD-409336502,2026-10-03,TZI-9725-WZ,2
ORD-980302826,2026-06-24,PKX-5138-CL,5
ORD-985772058,2025-12-01,HYP-6770-TJ,4
ORD-407282560,2026-07-18,JFG-4059-BT,4
ORD-598049101,2025-10-30,NMZ-7286-BF,3
ORD-911894642,2026-02-12,AKW-6214-KB,7
ORD-796335987,2026-02-04,VJL-8744-XN,8
ORD-245889938,2026-05-19,GAG-3018-XA,1
ORD-920330262,2026-09-07,TZE-7209-SJ,4
ORD-918549697,2026-09-22,RSJ-8290-CT,5
ORD-661450379,2026-07-22,DPS-6493-GH,5
ORD-601907714,2026-06-11,YUJ-9932-TE,4
ORD-508501353,2026-01-05,EDT-8993-ES,1
ORD-168808307,2026-07-31,LMR-3124-JD,5
ORD-831688911,2025-12-05,WHB-9752-TV,1
ORD-359621496,2026-05-24,JLN-1757-ET,2
ORD-415231785,2026-09-08,WVS-7789-BM,3
ORD-568136995,2026-09-25,EEZ-4650-KQ,7
ORD-838054647,2026-07-20,JLN-1757-ET,2
ORD-607787702,2026-05-12,RSJ-8290-CT,7
ORD-791359819,2026-03-27,GAG-3018-XA,1
ORD-215572101,2026-09-25,ZMT-4826-ZA,7
ORD-930099294,2026-07-10,TEW-6083-MX,7
ORD-434075521,2025-12-07,QIQ-4858-GV,8
ORD-944277778,2026-05-25,LDE-5561-AB,3
ORD-977115644,2026-08-19,EEZ-4650-KQ,3
ORD-515107294,2025-11-30,JAW-8357-TO,2
ORD-516950660,2025-11-30,UJL-8144-FB,8
ORD-501207517,2026-09-03,EAG-6934-KP,2
ORD-117584345,2026-07-11,YFN-4144-LD,1
ORD-538229699,2026-08-13,BZZ-7801-GR,6
ORD-928910908,2026-06-24,MZJ-2991-QZ,9
ORD-195291779,2025-12-20,VGT-2396-BC,2
ORD-472547312,2025-10-17,RTY-1001-BP,9
ORD-793733978,2026-06-11,BZG-3397-DG,2
ORD-750140300,2026-06-02,MOB-2662-PY,2
ORD-763134355,2026-01-25,YFN-4144-LD,1
ORD-720319993,2026-09-10,MOB-2662-PY,7
ORD-541501786,2026-07-31,DRP-8766-KZ,4
ORD-805620929,2026-08-12,SQU-4445-RD,8
ORD-933554314,2026-08-07,FWV-4332-YB,1
ORD-173813199,2025-12-13,GTS-2961-MC,9
ORD-388707123,2026-05-05,WVS-7789-BM,3
ORD-522933172,2026-03-29,AVQ-2602-GD,5
ORD-897273454,2026-05-31,JRJ-3044-RK,9
ORD-966340381,2026-04-10,ZSW-4559-NC,6
ORD-757568980,2025-11-09,TAG-4030-WD,5
ORD-948080928,2025-12-25,PKX-5138-CL,4
ORD-319893990,2026-04-06,EAG-6934-KP,4
ORD-311202135,2026-01-11,BZZ-7801-GR,9
ORD-684665932,2026-07-07,BZZ-7801-GR,8
ORD-767223848,2026-05-19,GTS-2961-MC,8
ORD-365495167,2025-10-16,LMR-3124-JD,2
ORD-773167113,2026-09-16,BZG-3397-DG,3
ORD-603238172,2025-10-17,QBC-4687-EB,4
ORD-339604218,2026-08-11,MZJ-2991-QZ,4
ORD-852493120,2026-03-03,JLN-1757-ET,4
ORD-607350053,2026-09-11,TEW-6083-MX,9
ORD-935406540,2026-04-22,MOB-2662-PY,7
ORD-787689902,2026-07-03,WPN-1619-JK,9
ORD-625105125,2026-08-29,JFG-4059-BT,1
ORD-948000337,2026-04-06,RTY-1001-BP,2
ORD-315929827,2026-04-12,WHB-9752-TV,5
ORD-814664273,2025-11-16,WMO-2671-XI,9
ORD-696919459,2026-07-05,BMN-1138-NX,6
ORD-143286084,2026-01-16,CEN-5905-RN,2
ORD-648078253,2026-01-28,ZSW-4559-NC,9
ORD-599749191,2026-05-04,YEX-1503-ZO,5
ORD-178351850,2025-11-12,ZMT-4826-ZA,6
ORD-903778370,2025-12-23,SQU-4445-RD,1
ORD-204869547,2026-08-09,ZSW-4559-NC,9
ORD-727293513,2025-12-14,ENS-7914-CD,6
ORD-559556097,2026-08-10,JFQ-2161-JM,5
ORD-526946006,2026-07-05,FDW-2974-MM,2
ORD-564851652,2026-09-01,WMO-2671-XI,5
ORD-899035766,2025-12-15,WHB-9752-TV,3
ORD-797256283,2026-02-16,EEZ-4650-KQ,8
ORD-836875757,2026-02-14,QBS-2485-VZ,5
ORD-421444786,2026-07-08,QBC-4687-EB,6
ORD-477513216,2026-08-26,RTY-1001-BP,6
ORD-118653611,2026-05-26,TEW-6083-MX,2
ORD-476976104,2026-03-11,WMO-2671-XI,4
ORD-186039052,2026-02-25,CKY-1584-BI,5
ORD-717815729,2026-02-09,QID-8246-VF,7
ORD-823804037,2026-09-02,MYN-1663-IQ,3
ORD-944188231,2026-08-19,ACX-7534-WZ,8
ORD-123059717,2026-09-16,WCV-3480-ZL,4
ORD-861491607,2026-03-24,VGT-2396-BC,6
ORD-974592850,2026-02-12,OLY-4120-OL,6
ORD-450625238,2026-07-22,VJL-8744-XN,4
ORD-172830865,2026-01-16,SQU-4445-RD,3
ORD-103847119,2025-12-19,XYZ-5564-JO,6
ORD-405520645,2026-06-09,GTS-2961-MC,3
ORD-232173432,2026-07-05,MOB-2662-PY,9
ORD-909551166,2025-11-06,YFN-4144-LD,7
ORD-521508951,2025-10-21,ULC-5064-OU,5
ORD-508270244,2025-11-14,HYP-6770-TJ,9
ORD-480389149,2026-03-02,JLN-1757-ET,3
ORD-866391858,2026-04-12,SQU-4445-RD,5
ORD-501867332,2026-08-28,QPV-6283-PP,9
ORD-916944516,2026-08-02,AMV-7840-KA,6
ORD-804374357,2026-04-30,EDT-8993-ES,1
ORD-408318798,2026-05-10,OKQ-3335-LO,7
ORD-870605910,2026-09-20,WHB-9752-TV,2
ORD-904762178,2026-01-03,AQO-4304-DP,3
ORD-377389300,2026-04-30,JAW-8357-TO,8
ORD-893612671,2026-09-23,AVQ-2602-GD,5
ORD-323536530,2026-09-07,WCV-3480-ZL,6
ORD-797698270,2026-07-18,ACX-7534-WZ,5
ORD-434808822,2026-05-13,UKU-3036-VW,5
ORD-690819507,2026-02-28,QPV-6283-PP,6
ORD-232745752,2025-10-06,WHB-9752-TV,6
ORD-964635904,2025-11-09,VYE-3450-BC,4
ORD-388610763,2026-06-28,ALL-3914-AH,8
ORD-140716415,2026-05-27,EDT-8993-ES,1
ORD-886328035,2026-02-19,QBS-2485-VZ,5
ORD-306222733,2026-02-04,AQO-4304-DP,8
ORD-114805328,2026-01-07,WHL-3793-KN,8
ORD-448755473,2026-05-15,SQU-4445-RD,4
ORD-712936436,2025-12-26,GAG-3018-XA,2
ORD-305204866,2026-02-06,PLS-4578-QE,4
ORD-609273249,2026-03-06,TZE-7209-SJ,6
ORD-661362912,2026-07-01,KBB-8886-NE,3
ORD-180891825,2026-05-27,OKQ-3335-LO,5
ORD-838330374,2025-12-17,DRP-8766-KZ,6
ORD-403914849,2025-11-05,UKU-3036-VW,2
ORD-638120598,2026-08-08,EDT-8993-ES,4
ORD-371968487,2025-12-04,WBF-8296-CI,3
ORD-201961123,2025-12-30,BZZ-7801-GR,1
ORD-702184529,2025-11-11,EDT-8993-ES,5
ORD-759012765,2026-05-18,CKY-1584-BI,2
ORD-171061752,2026-02-28,RSJ-8290-CT,9
ORD-278037335,2026-10-02,TZI-9725-WZ,8
ORD-760896048,2025-12-25,AKW-6214-KB,7
ORD-408016454,2026-05-12,YFN-4144-LD,7
ORD-622728764,2025-11-05,ZZD-5202-EU,2
ORD-224280710,2026-03-19,CVP-4807-RY,5
ORD-593825603,2026-07-28,UKF-2323-DR,6
ORD-692452110,2025-12-31,BZZ-7801-GR,3
ORD-610850843,2026-08-04,PLS-4578-QE,7
ORD-209534577,2026-08-27,CEN-5905-RN,3
ORD-345233136,2026-06-14,KBB-8886-NE,8
ORD-676537504,2026-06-03,EEZ-4650-KQ,6
ORD-475590616,2026-04-08,YEX-1503-ZO,8
ORD-934866466,2026-01-30,IWF-2641-PM,4
ORD-894780559,2025-10-21,UKU-3036-VW,6
ORD-199924935,2026-08-16,UJL-8144-FB,8
ORD-438342346,2025-11-24,UKU-3036-VW,7
ORD-587373142,2026-06-26,BMN-1138-NX,2
ORD-796404876,2025-11-21,TAG-4030-WD,2
ORD-560504559,2026-01-16,HXK-2031-GS,9
ORD-452342361,2026-04-08,ACX-7534-WZ,9
ORD-402432204,2026-07-13,CYU-9231-WQ,5
ORD-988026055,2026-05-01,VGT-2396-BC,1
ORD-705624156,2025-11-25,BZZ-7801-GR,3
ORD-880601904,2026-09-01,KFZ-3438-UO,8
ORD-745279732,2026-04-05,PLS-4578-QE,8
ORD-230553602,2025-11-23,DPS-6493-GH,1
ORD-964695920,2026-01-05,TUG-8815-OQ,4
ORD-506880898,2026-06-23,RSJ-8290-CT,9
ORD-329703284,2026-01-19,UKU-3036-VW,9
ORD-752017235,2026-04-23,HYP-6770-TJ,7
ORD-970082406,2026-06-12,VGT-2396-BC,2
ORD-800033345,2026-09-30,THE-4063-OD,7
ORD-724656599,2026-01-01,UOU-8134-LR,1
ORD-205197876,2026-09-28,QBS-2485-VZ,8
ORD-477985633,2026-05-18,ZRO-2494-CK,1
ORD-303547530,2026-04-09,UKU-3036-VW,1
ORD-984948735,2025-11-29,JFQ-2161-JM,4
ORD-130575172,2026-09-28,HYP-6770-TJ,5
ORD-257016549,2026-09-22,VAR-7973-TD,6
ORD-226380263,2026-08-31,DXC-6409-PR,1
ORD-790375809,2026-09-25,JFG-4059-BT,5
ORD-891597247,2026-08-02,TZE-7209-SJ,8
ORD-436964398,2025-11-27,SIO-9071-VU,9
ORD-327116753,2025-12-21,EEZ-4650-KQ,3
ORD-234276988,2026-07-27,ENS-7914-CD,5
ORD-252898481,2025-11-29,VGT-2396-BC,1
ORD-304450256,2026-08-07,YUJ-9932-TE,3
ORD-509751497,2026-06-18,FDW-2974-MM,5
ORD-419154626,2026-04-27,TUG-8815-OQ,3
ORD-243190791,2026-08-24,WEZ-8309-MF,7
ORD-128226835,2026-05-05,QBS-2485-VZ,2
ORD-557499812,2025-11-15,YUJ-9932-TE,9
ORD-781412286,2025-10-22,QPV-6283-PP,4
ORD-230374574,2025-11-10,XNY-4376-JR,3
ORD-260550005,2026-04-24,QBS-2485-VZ,5
ORD-701149966,2026-06-21,ZRO-2494-CK,6
ORD-536053846,2026-05-11,SQJ-6851-MV,6
ORD-473128373,2026-04-23,ZMT-4826-ZA,4
ORD-589825232,2026-07-26,CEN-5905-RN,6
ORD-744463877,2026-03-01,SQJ-6851-MV,3
ORD-525373037,2025-12-25,AOX-2295-KX,5
ORD-948791503,2025-10-11,AKW-6214-KB,9
ORD-601278472,2025-11-12,JFQ-2161-JM,1
ORD-785735342,2026-01-19,HYP-6770-TJ,4
ORD-341300072,2025-11-07,IWF-2641-PM,9
ORD-118856424,2026-07-15,RSJ-8290-CT,1
ORD-248610335,2026-01-27,CVP-4807-RY,2
ORD-564547308,2025-12-29,ACX-7534-WZ,3
ORD-658462028,2026-05-23,FDW-2974-MM,5
ORD-764401820,2026-05-07,EEZ-4650-KQ,3
ORD-374455695,2025-12-30,OLY-4120-OL,6
ORD-586450564,2026-10-02,DPS-6493-GH,1
ORD-730713781,2026-05-29,LMR-3124-JD,2
ORD-638216333,2026-02-20,YFN-4144-LD,7
ORD-373656528,2026-01-13,ZSW-4559-NC,4
ORD-705845587,2025-10-09,GTS-2961-MC,7
ORD-386897722,2026-08-17,RKL-1688-XW,9
ORD-399513954,2026-08-20,THE-4063-OD,3
ORD-513729512,2026-04-12,VGT-2396-BC,2
ORD-730603759,2026-09-30,ZRO-2494-CK,6
ORD-607187889,2026-01-21,SIO-9071-VU,8
ORD-685893207,2025-12-06,GAG-3018-XA,9
ORD-255492952,2025-12-04,DRP-8766-KZ,6
ORD-126126968,2026-04-05,SQJ-6851-MV,2
ORD-782653813,2025-12-10,ATG-6478-FH,7
ORD-796222173,2026-06-18,KBB-8886-NE,1
ORD-793679859,2026-03-01,UJL-8144-FB,4
ORD-747604752,2026-04-16,AQO-4304-DP,1
ORD-695283615,2026-05-06,DWM-4266-IL,9
ORD-619072287,2026-01-25,OLY-4120-OL,9
ORD-616311189,2025-11-18,YEX-1503-ZO,1
ORD-126371842,2025-12-17,DRP-8766-KZ,1
ORD-293062238,2026-09-19,MZY-9033-DB,8
ORD-741086840,2025-11-01,TEU-6306-DW,6
ORD-442908572,2026-09-06,CVP-4807-RY,6
ORD-467038071,2026-07-30,AVQ-2602-GD,6
ORD-572603405,2026-09-25,HYP-6770-TJ,7
ORD-134719884,2026-02-05,ULC-5064-OU,7
ORD-201557681,2026-06-01,JLN-1757-ET,4
ORD-240361312,2026-05-28,OLY-4120-OL,8
ORD-423858822,2026-07-15,WPN-1619-JK,9
ORD-287621721,2026-07-19,WVS-7789-BM,5
ORD-867217521,2026-07-28,JFG-4059-BT,8
ORD-246356654,2026-09-23,FDW-2974-MM,9
ORD-196873026,2026-09-26,JRJ-3044-RK,9
ORD-285237420,2026-07-31,AVQ-2602-GD,7
ORD-925518603,2026-06-30,WCV-3480-ZL,9
ORD-188905349,2026-02-02,WHL-3793-KN,1
ORD-724975497,2026-07-16,VAR-7973-TD,1
ORD-237213265,2026-08-09,QID-8246-VF,5
ORD-300898056,2025-12-24,GAG-3018-XA,1
ORD-741562848,2025-12-10,CKY-1584-BI,7
ORD-649643811,2026-08-20,OKQ-3335-LO,9
ORD-289349734,2026-07-09,CVP-4807-RY,6
ORD-655185825,2026-08-07,TAG-4030-WD,7
ORD-819220673,2026-03-22,WHL-3793-KN,3
ORD-377096539,2026-07-14,UJL-8144-FB,6
ORD-572027061,2026-01-26,ACX-7534-WZ,8
ORD-518788140,2026-09-28,UKF-2323-DR,1
ORD-430344118,2025-12-13,JLN-1757-ET,2
ORD-738163491,2026-09-26,DRP-8766-KZ,4
ORD-295820885,2026-01-10,JFQ-2161-JM,3
ORD-985185826,2026-09-10,JLN-1757-ET,2
ORD-203726373,2025-11-02,JLN-1757-ET,9
ORD-175188381,2026-09-14,TEW-6083-MX,7
ORD-366774128,2026-04-24,BMN-1138-NX,2
ORD-187840807,2026-05-19,MOB-2662-PY,6
ORD-681793901,2026-02-03,AKW-6214-KB,7
ORD-346264272,2026-03-25,JRJ-3044-RK,2
ORD-131898404,2026-03-15,ALL-3914-AH,6
ORD-832874314,2026-07-29,WHL-3793-KN,5
ORD-223265484,2026-06-10,RSJ-8290-CT,3
ORD-811586581,2025-12-14,UKU-3036-VW,1
ORD-795351742,2026-07-16,XYZ-5564-JO,2
ORD-969661148,2025-12-18,QBS-2485-VZ,4
ORD-719114237,2025-11-28,DQH-3679-CN,4
ORD-856364748,2026-01-04,JPC-4038-ZD,3
ORD-324129009,2025-11-03,UJL-8144-FB,8
ORD-223924628,2026-06-08,UKU-3036-VW,5
ORD-594122527,2026-02-13,TAG-4030-WD,3
ORD-279906218,2026-10-04,AMV-7840-KA,5
ORD-684684791,2026-01-25,WVS-7789-BM,3
ORD-293071426,2025-10-12,KFZ-3438-UO,3
ORD-629552294,2026-06-03,JLN-1757-ET,3
ORD-233009306,2026-02-04,TZE-7209-SJ,4
ORD-189928133,2026-01-11,UJL-8144-FB,9
ORD-942978126,2026-04-04,XNY-4376-JR,8
ORD-830098642,2026-01-22,AQO-4304-DP,6
ORD-129421948,2026-01-15,ATG-6478-FH,4
ORD-883009506,2026-06-10,WBF-8296-CI,3
ORD-513014814,2026-07-24,CEN-5905-RN,8
ORD-230585216,2025-11-03,ZSW-4559-NC,5
ORD-734766943,2026-04-25,EEZ-4650-KQ,9
ORD-630721324,2026-03-14,NMZ-7286-BF,3
ORD-860914051,2025-12-28,ZRO-2494-CK,2
ORD-845779135,2026-07-21,JAE-3474-IK,3
ORD-231431582,2026-09-22,TZE-7209-SJ,2
ORD-993306252,2026-03-29,AQO-4304-DP,3
ORD-785614404,2025-10-25,MZY-9033-DB,4
ORD-637916950,2025-12-11,EAG-6934-KP,7
ORD-839053410,2026-07-05,FWV-4332-YB,3
ORD-454937989,2026-01-14,TZE-7209-SJ,4
ORD-409457530,2025-12-08,MZY-9033-DB,7
ORD-199744277,2026-06-18,FWV-4332-YB,4
ORD-665231633,2026-01-29,TZI-9725-WZ,7
ORD-961286599,2025-12-21,ZZD-5202-EU,6
ORD-902886525,2026-05-12,QID-8246-VF,4
ORD-644927064,2025-10-13,UKF-2323-DR,9
ORD-755974619,2026-04-21,AKW-6214-KB,1
ORD-394064514,2026-06-15,CKY-1584-BI,1
ORD-122017849,2026-09-11,QSI-6450-CP,7
ORD-793306312,2026-06-26,ATG-6478-FH,7
ORD-864776635,2026-05-17,TAG-4030-WD,7
ORD-917783897,2026-01-24,SMZ-2424-CZ,2
ORD-501747571,2025-12-03,RSJ-8290-CT,6
ORD-748995589,2026-04-15,WEZ-8309-MF,7
ORD-148266597,2026-10-04,CVP-4807-RY,4
ORD-962444878,2025-11-28,UJL-8144-FB,4
ORD-218242027,2026-09-30,NMZ-7286-BF,4
ORD-301839689,2026-02-25,MYN-1663-IQ,7
ORD-641638350,2025-10-26,UKF-2323-DR,1
ORD-990426706,2026-09-15,ZMT-4826-ZA,3
ORD-706089197,2026-05-04,OKQ-3335-LO,8
ORD-121112308,2026-08-28,AMV-7840-KA,8
ORD-923308326,2026-04-09,MZY-9033-DB,4
ORD-478044842,2026-05-17,QPV-6283-PP,9
ORD-946613483,2025-11-01,DIV-1664-AI,9
ORD-188704685,2026-03-10,BMA-2606-MR,9
ORD-658378149,2025-12-28,JRJ-3044-RK,8
ORD-515792794,2026-07-10,ZMT-4826-ZA,9
ORD-992925075,2026-01-25,THE-4063-OD,5
ORD-795288207,2025-12-09,WHB-9752-TV,1
ORD-900042751,2025-11-29,JAW-8357-TO,3
ORD-418068505,2025-10-21,CYU-9231-WQ,7
ORD-940040478,2026-03-09,TUG-8815-OQ,3
ORD-563616099,2025-10-30,LMR-3124-JD,9
ORD-609571390,2026-04-30,JLN-1757-ET,6
ORD-656993642,2026-06-16,UJL-8144-FB,3
ORD-106214259,2026-07-31,QID-8246-VF,4
ORD-951925854,2025-10-06,DQH-3679-CN,6
ORD-311709058,2026-04-06,MZJ-2991-QZ,9
ORD-404570413,2026-06-18,SQJ-6851-MV,2
ORD-322301088,2026-01-11,WHB-9752-TV,9
ORD-102397377,2026-01-09,QSI-6450-CP,7
ORD-738749416,2026-05-08,MOB-2662-PY,4
ORD-963115941,2025-10-13,FDW-2974-MM,5
ORD-395763701,2025-11-14,YUJ-9932-TE,7
ORD-108074094,2026-04-14,AQO-4304-DP,2
ORD-282249536,2026-01-04,VAR-7973-TD,6
ORD-657954414,2026-02-22,BZG-3397-DG,7
ORD-443004597,2026-02-11,CEN-5905-RN,5
ORD-414340665,2026-02-18,DXC-6409-PR,2
ORD-521630779,2026-03-20,WBF-8296-CI,6
ORD-709477501,2025-11-19,SMZ-2424-CZ,3
ORD-488499357,2026-07-29,JLN-1757-ET,4
ORD-534685606,2026-06-06,WBF-8296-CI,8
ORD-145847331,2026-03-11,ZRO-2494-CK,6
ORD-856749609,2026-08-24,ZRO-2494-CK,6
ORD-826308677,2025-11-11,DIV-1664-AI,1
ORD-906252999,2026-05-18,PLS-4578-QE,5
ORD-580420176,2026-07-09,HYP-6770-TJ,1
ORD-502048803,2026-02-26,OLY-4120-OL,7
ORD-207006396,2025-11-17,BMN-1138-NX,2
ORD-983411445,2025-12-29,PIA-9520-VS,7
ORD-781813256,2025-12-24,DIV-1664-AI,5
ORD-180961824,2026-05-01,ZZD-5202-EU,5
ORD-880945719,2025-12-04,TUG-8815-OQ,2
ORD-508476640,2026-01-03,HYP-6770-TJ,7
ORD-963825036,2026-07-15,TZI-9725-WZ,1
ORD-898590988,2026-02-22,TEW-6083-MX,2
ORD-713788987,2025-11-13,UKU-3036-VW,5
ORD-207604187,2026-03-23,CKY-1584-BI,4
ORD-676520326,2026-02-22,TUG-8815-OQ,7
ORD-105625371,2026-03-10,MOB-2662-PY,9
ORD-750671810,2026-05-21,PLS-4578-QE,1
ORD-109729590,2025-12-29,UKF-2323-DR,4
ORD-118253569,2026-01-26,WEZ-8309-MF,4
ORD-556950707,2026-05-20,RTY-1001-BP,5
ORD-703836820,2026-02-17,AQO-4304-DP,6
ORD-867744495,2025-10-10,DXC-6409-PR,2
ORD-749589151,2026-07-14,YEX-1503-ZO,5
ORD-566471259,2026-08-10,CEN-5905-RN,3
ORD-578204839,2026-03-05,RKL-1688-XW,5
ORD-123762832,2026-01-10,CVP-4807-RY,6
ORD-929883573,2025-12-11,LMR-3124-JD,8
ORD-481633570,2026-03-18,WEZ-8309-MF,7
ORD-295497876,2026-07-10,VJL-8744-XN,8
ORD-931248001,2026-02-10,QID-8246-VF,4
ORD-717319772,2026-04-29,FWV-4332-YB,7
ORD-118243395,2026-07-11,MYN-1663-IQ,8
ORD-270368572,2026-01-03,WBF-8296-CI,8
ORD-606771549,2026-07-04,AQO-4304-DP,3
ORD-838425519,2026-03-03,JRJ-3044-RK,9
ORD-120356233,2026-04-20,BZZ-7801-GR,9
ORD-643149753,2026-02-03,AKW-6214-KB,6
ORD-367052122,2026-06-28,QBC-4687-EB,1
ORD-794763032,2026-10-06,QIQ-4858-GV,6
ORD-989903936,2025-10-21,BZG-3397-DG,2
ORD-727923976,2025-12-06,JAW-8357-TO,2
ORD-549979153,2026-04-25,DPS-6493-GH,7
ORD-508180572,2025-12-12,RSJ-8290-CT,7
ORD-448890485,2026-05-06,TAG-4030-WD,6
ORD-343256128,2026-02-23,BZG-3397-DG,4
ORD-200704480,2026-08-26,SQJ-6851-MV,6
ORD-103652955,2026-04-03,ZSW-4559-NC,7
ORD-823021910,2026-02-26,MOB-2662-PY,8
ORD-566693635,2025-11-21,CKY-1584-BI,5
ORD-275999214,2026-06-11,OLY-4120-OL,4
ORD-978644890,2026-06-02,FWV-4332-YB,2
ORD-511030597,2025-12-11,ZMT-4826-ZA,3
ORD-319621254,2026-08-23,VGT-2396-BC,7
ORD-985674137,2026-08-13,VAR-7973-TD,3
ORD-782807853,2026-07-22,UJL-8144-FB,4
ORD-220003522,2025-10-31,LDE-5561-AB,6
ORD-602215098,2025-12-08,JFG-4059-BT,8
ORD-715553490,2025-12-19,BZG-3397-DG,7
ORD-236517612,2026-05-11,THE-4063-OD,7
ORD-212462830,2025-12-13,NMZ-7286-BF,7
ORD-518022008,2025-10-16,UJL-8144-FB,7
ORD-871615962,2026-04-21,QSI-6450-CP,3
ORD-223335560,2026-08-18,WCV-3480-ZL,5
ORD-569967226,2026-04-12,EAG-6934-KP,5
ORD-848527151,2025-11-25,UKU-3036-VW,7
ORD-514268966,2025-10-17,XYZ-5564-JO,9
ORD-137952059,2026-05-10,MOB-2662-PY,5
ORD-349794820,2025-10-27,XNY-4376-JR,9
ORD-196943100,2026-05-10,CYU-9231-WQ,6
ORD-146904248,2026-09-25,TEU-6306-DW,3
ORD-336176460,2025-12-31,TZE-7209-SJ,6
ORD-378733500,2025-10-19,THE-4063-OD,9
ORD-432087038,2025-10-29,XYZ-5564-JO,4
ORD-738550341,2026-01-30,BZG-3397-DG,6
ORD-178466926,2026-01-08,RKL-1688-XW,6
ORD-940229564,2026-07-05,UKU-3036-VW,6
ORD-132462866,2026-05-10,UKU-3036-VW,5
ORD-800833039,2026-03-26,QIQ-4858-GV,8
ORD-934850954,2026-03-28,TZI-9725-WZ,3
ORD-540922208,2025-12-09,DPS-6493-GH,1
ORD-356801162,2026-02-27,EDT-8993-ES,9
ORD-107833114,2026-02-09,WMO-2671-XI,9
ORD-840735199,2026-04-19,WCV-3480-ZL,7
ORD-251199733,2026-08-18,ZRO-2494-CK,4
ORD-774306090,2026-02-21,IWF-2641-PM,3
ORD-557248552,2026-06-27,TUG-8815-OQ,8
ORD-629936725,2026-09-20,UKF-2323-DR,1
ORD-658559466,2026-05-06,DQH-3679-CN,3
ORD-952922120,2026-02-04,VJL-8744-XN,8
ORD-494525465,2025-11-22,BZG-3397-DG,7
ORD-258200934,2025-10-26,EDT-8993-ES,6
ORD-160868538,2026-07-01,ULC-5064-OU,9
ORD-791666622,2026-06-12,QSI-6450-CP,9
ORD-584725460,2025-11-26,SIO-9071-VU,3
ORD-966393371,2026-03-03,DPS-6493-GH,6
ORD-736402868,2025-12-26,BMA-2606-MR,1
ORD-211268420,2026-04-07,UKU-3036-VW,6
ORD-906699656,2026-09-19,WPN-1619-JK,1
ORD-951299835,2026-04-22,AKW-6214-KB,5
ORD-491539564,2026-05-11,TZE-7209-SJ,2
ORD-880113695,2025-11-09,UJL-8144-FB,6
ORD-753186365,2026-02-09,DPS-6493-GH,7
ORD-224434414,2026-04-27,WEZ-8309-MF,2
ORD-958632029,2026-01-24,WEZ-8309-MF,3
ORD-951943846,2026-04-17,YFN-4144-LD,3
ORD-542833659,2025-12-28,FWV-4332-YB,2
ORD-654607785,2026-06-14,GAG-3018-XA,9
ORD-834315674,2025-10-17,BZG-3397-DG,7
ORD-219031541,2026-09-09,WVS-7789-BM,3
ORD-474382973,2025-11-05,TAG-4030-WD,4
ORD-630203598,2026-09-01,FDW-2974-MM,9
ORD-576878396,2026-01-17,ZZD-5202-EU,8
ORD-121781533,2025-10-11,NMZ-7286-BF,5
ORD-815917346,2026-08-24,ZZD-5202-EU,7
ORD-743542906,2025-11-08,SMZ-2424-CZ,4
ORD-778458973,2025-12-27,ZZD-5202-EU,7
ORD-472050646,2026-05-11,ZRO-2494-CK,8
ORD-576870614,2026-05-30,CKY-1584-BI,4
ORD-898867370,2026-01-10,CKY-1584-BI,7
ORD-777391431,2026-02-12,BZZ-7801-GR,5
ORD-606478403,2026-04-16,BMN-1138-NX,8
ORD-763912095,2026-06-15,JFQ-2161-JM,7
ORD-213303627,2026-08-17,YUJ-9932-TE,1
ORD-119161239,2026-01-28,WVS-7789-BM,4
ORD-764163777,2026-04-29,FWV-4332-YB,2
ORD-622146574,2026-04-12,EDT-8993-ES,6
ORD-481625702,2026-02-19,QBS-2485-VZ,5
ORD-879058499,2026-02-17,QPV-6283-PP,1
ORD-142975974,2026-04-07,TEW-6083-MX,9
ORD-804980756,2026-09-18,BMN-1138-NX,3
ORD-542838406,2026-02-26,VAR-7973-TD,7
ORD-824705888,2026-06-03,VAR-7973-TD,3
ORD-303248667,2025-11-29,SQJ-6851-MV,7
ORD-767974052,2026-09-20,WMO-2671-XI,9
ORD-663428625,2025-10-11,XYZ-5564-JO,2
ORD-394386116,2026-03-28,JLN-1757-ET,5
ORD-355949297,2025-12-03,JLN-1757-ET,1
ORD-500568684,2026-02-19,VGT-2396-BC,5
ORD-999127161,2026-07-20,JRJ-3044-RK,1
ORD-436901689,2025-11-15,TUG-8815-OQ,1
ORD-326559476,2026-09-19,ATG-6478-FH,7
ORD-189905729,2026-10-02,EAG-6934-KP,9
ORD-256930575,2026-08-25,EDT-8993-ES,1
ORD-949012330,2026-04-09,DWM-4266-IL,8
ORD-101655121,2025-11-26,LMR-3124-JD,7
ORD-454455732,2026-06-14,JLN-1757-ET,8
ORD-888533666,2026-02-01,CVP-4807-RY,6
ORD-840080187,2026-08-04,PLS-4578-QE,9
ORD-728861151,2026-04-14,WBF-8296-CI,7
ORD-284433654,2025-11-22,TUG-8815-OQ,1
ORD-927588767,2026-05-01,BZZ-7801-GR,8
ORD-355242951,2026-06-12,EDT-8993-ES,7
ORD-576309168,2025-10-26,TEW-6083-MX,7
ORD-550000299,2026-06-27,TZI-9725-WZ,8
ORD-336821815,2025-11-22,CEN-5905-RN,2
ORD-937466048,2025-11-01,JRJ-3044-RK,6
ORD-175200431,2026-06-30,ACX-7534-WZ,2
ORD-702598711,2025-12-12,TAG-4030-WD,8
ORD-358209244,2025-12-20,WVS-7789-BM,6
ORD-750484657,2026-06-13,CVP-4807-RY,2
ORD-372275250,2026-07-14,CYU-9231-WQ,9
ORD-633355008,2025-11-16,WHL-3793-KN,7
ORD-365644845,2026-08-09,TEU-6306-DW,3
ORD-399830186,2026-03-28,HYP-6770-TJ,8
ORD-712250737,2026-06-06,QBC-4687-EB,7
ORD-103391575,2026-07-27,TAG-4030-WD,6
ORD-697341552,2026-09-17,IWF-2641-PM,2
ORD-338896246,2025-10-12,QID-8246-VF,5
ORD-284745299,2025-12-16,ZZD-5202-EU,1
ORD-189108902,2026-08-08,WMO-2671-XI,8
ORD-645097638,2026-07-06,PLS-4578-QE,2
ORD-916070023,2026-04-22,ATG-6478-FH,3
ORD-730934545,2026-09-18,WPN-1619-JK,3
ORD-105715065,2025-11-18,BMA-2606-MR,2
ORD-692672381,2026-07-27,EEZ-4650-KQ,9
ORD-692959733,2026-06-22,WEZ-8309-MF,4
ORD-144521086,2026-07-16,JLN-1757-ET,1
ORD-419876881,2026-04-03,ZRO-2494-CK,1
ORD-556461637,2026-09-20,SMZ-2424-CZ,7
ORD-914416434,2026-05-26,JFG-4059-BT,4
ORD-656143037,2025-12-24,FWV-4332-YB,9
ORD-980276859,2025-11-16,QBC-4687-EB,3
ORD-124478537,2026-05-07,VAR-7973-TD,4
ORD-371599989,2026-06-21,ATG-6478-FH,8
ORD-726355637,2026-07-03,ZZD-5202-EU,3
ORD-977100915,2025-11-01,XYZ-5564-JO,1
ORD-667712972,2026-07-13,NMZ-7286-BF,4
ORD-923198661,2025-10-27,ULC-5064-OU,7
ORD-199621361,2026-05-05,KBB-8886-NE,9
ORD-460826653,2026-09-12,ENS-7914-CD,8
ORD-501195237,2026-01-29,SQU-4445-RD,1
ORD-929416787,2026-05-25,HYP-6770-TJ,6
ORD-923796088,2026-01-28,WVS-7789-BM,9
ORD-600665761,2026-02-06,UJL-8144-FB,3
ORD-905483507,2026-05-09,THE-4063-OD,6
ORD-332376278,2026-08-28,VJL-8744-XN,6
ORD-559263371,2026-07-09,EEZ-4650-KQ,6
ORD-929720319,2026-02-05,PLS-4578-QE,1
ORD-505150241,2026-09-15,YEX-1503-ZO,9
ORD-511467103,2026-06-18,CEN-5905-RN,9
ORD-784322551,2026-07-06,OLY-4120-OL,3
ORD-358661260,2025-12-31,LDE-5561-AB,4
ORD-860229623,2025-11-18,THE-4063-OD,1
ORD-608019559,2026-03-24,AMV-7840-KA,7
ORD-382151560,2026-03-04,AKW-6214-KB,6
ORD-199234633,2026-08-19,ACX-7534-WZ,5
ORD-383538560,2026-09-05,VYE-3450-BC,7
ORD-764001394,2026-03-22,WMO-2671-XI,9
ORD-685622366,2026-04-22,PIA-9520-VS,7
ORD-704419662,2026-01-05,ZMT-4826-ZA,2
ORD-940065809,2026-01-28,DWM-4266-IL,3
ORD-438486531,2026-01-21,LMR-3124-JD,5
ORD-927671045,2026-05-15,WVS-7789-BM,7
ORD-262970936,2025-12-30,DPS-6493-GH,1
ORD-174997802,2026-06-14,JFG-4059-BT,2
ORD-292350045,2026-04-04,SQU-4445-RD,5
ORD-849249035,2025-10-22,GAG-3018-XA,3
ORD-544644125,2025-11-22,EAG-6934-KP,5
ORD-377514768,2026-05-20,PKX-5138-CL,8
ORD-973410287,2026-06-08,CEN-5905-RN,4
ORD-190759783,2026-08-14,DPS-6493-GH,7
ORD-204427655,2026-01-12,MZJ-2991-QZ,4
ORD-539564506,2026-01-03,FDW-2974-MM,2
ORD-781091027,2026-03-23,HYP-6770-TJ,4
ORD-701629584,2026-05-25,RSJ-8290-CT,7
ORD-724519967,2026-03-08,VYE-3450-BC,6
ORD-666392005,2026-06-19,AQO-4304-DP,1
ORD-274690963,2026-09-20,UKF-2323-DR,2
ORD-904460884,2026-06-23,ZSW-4559-NC,8
ORD-878895883,2026-03-07,SQU-4445-RD,9
ORD-442087331,2026-05-07,FDW-2974-MM,4
ORD-200233763,2026-05-17,YFN-4144-LD,8
ORD-723014730,2026-07-11,ZSW-4559-NC,2
ORD-854145172,2026-05-01,RKL-1688-XW,6
ORD-119312615,2025-12-02,VJL-8744-XN,1
ORD-969604859,2026-01-11,OLY-4120-OL,6
ORD-233062008,2026-04-30,UKU-3036-VW,4
ORD-207498229,2026-06-22,XNY-4376-JR,8
ORD-628254857,2025-12-30,MYN-1663-IQ,9
ORD-363343505,2026-01-18,ATG-6478-FH,6
ORD-528643839,2025-11-20,DWM-4266-IL,9
ORD-699503301,2026-08-11,THE-4063-OD,7
ORD-727951177,2025-10-29,QBS-2485-VZ,1
ORD-250423327,2025-10-08,UKU-3036-VW,2
ORD-818011062,2026-04-07,QBS-2485-VZ,6
ORD-577383647,2026-01-08,VJL-8744-XN,1
ORD-341835776,2026-05-04,SQU-4445-RD,6
ORD-411844271,2026-05-03,OLY-4120-OL,8
ORD-962221509,2026-08-25,RTY-1001-BP,7
ORD-567609489,2026-08-25,AMV-7840-KA,7
ORD-800429483,2026-07-27,LMR-3124-JD,4
ORD-902564847,2025-11-12,WVS-7789-BM,8
ORD-262016973,2025-10-21,ATG-6478-FH,4
ORD-926882751,2026-03-09,PIA-9520-VS,4
ORD-545984100,2025-10-29,PLS-4578-QE,7
ORD-534239059,2026-03-29,PKX-5138-CL,7
ORD-777181047,2025-11-27,QID-8246-VF,3
ORD-884085115,2025-11-05,HXK-2031-GS,9
ORD-387787095,2026-04-26,ZRO-2494-CK,5
ORD-149315743,2026-05-11,JAW-8357-TO,5
ORD-899029182,2026-06-20,UKF-2323-DR,1
ORD-413624193,2026-06-09,QID-8246-VF,5
ORD-886727639,2026-05-23,TZE-7209-SJ,5
ORD-106294004,2026-01-19,XNY-4376-JR,3
ORD-788523463,2026-03-23,TUG-8815-OQ,7
ORD-691106613,2026-06-05,DPS-6493-GH,5
ORD-456128183,2025-10-18,RKL-1688-XW,9
ORD-748793975,2026-07-14,DXC-6409-PR,3
ORD-218578084,2025-12-20,SQJ-6851-MV,3
ORD-432462116,2026-04-11,THE-4063-OD,7
ORD-157154960,2025-12-08,KBB-8886-NE,1
ORD-624575836,2026-03-09,MZY-9033-DB,5
ORD-129271013,2026-05-08,RTY-1001-BP,6
ORD-721299029,2026-04-10,PIA-9520-VS,3
ORD-660418908,2026-10-05,FWV-4332-YB,8
ORD-881945903,2026-08-22,WMO-2671-XI,6
ORD-770720106,2026-04-29,UKF-2323-DR,6
ORD-898318158,2026-08-24,SMZ-2424-CZ,6
ORD-775555124,2026-02-01,EAG-6934-KP,2
ORD-747420046,2025-10-06,CVP-4807-RY,7
ORD-126124375,2026-03-16,WVS-7789-BM,9
ORD-568558382,2026-02-23,AQO-4304-DP,4
ORD-723680277,2026-02-01,XNY-4376-JR,1
ORD-704557501,2026-03-24,RKL-1688-XW,2
ORD-113153442,2026-03-16,UKU-3036-VW,7
ORD-860906224,2026-05-04,YUJ-9932-TE,5
ORD-121651551,2026-03-01,CEN-5905-RN,9
ORD-519911843,2026-02-13,GAG-3018-XA,8
ORD-455819448,2026-08-05,WCV-3480-ZL,9
ORD-108335322,2026-01-12,JFG-4059-BT,9
ORD-621441724,2025-10-15,VJL-8744-XN,9
ORD-702325750,2025-12-25,SMZ-2424-CZ,8
ORD-673658468,2025-10-25,HXK-2031-GS,5
ORD-965142304,2026-02-21,BZG-3397-DG,9
ORD-784184856,2026-07-03,HYP-6770-TJ,5
ORD-120813510,2025-12-25,XNY-4376-JR,6
ORD-617601369,2026-09-05,HYP-6770-TJ,7
ORD-461936962,2025-11-09,DQH-3679-CN,1
ORD-881004128,2026-05-20,WMO-2671-XI,8
ORD-346292642,2026-07-23,LMR-3124-JD,3
ORD-251007087,2026-04-02,VJL-8744-XN,9
ORD-486619921,2026-07-12,DPS-6493-GH,4
ORD-600923629,2026-03-13,XNY-4376-JR,8
ORD-149631857,2026-02-23,WHL-3793-KN,8
ORD-742515162,2025-10-30,CKY-1584-BI,7
ORD-852936531,2026-07-08,GTS-2961-MC,3
ORD-283724860,2026-06-15,TZE-7209-SJ,4
ORD-202562300,2026-09-24,RKL-1688-XW,7
ORD-967208907,2025-12-21,DXC-6409-PR,4
ORD-999503112,2026-07-30,QIQ-4858-GV,1
ORD-719067318,2026-02-12,XNY-4376-JR,4
ORD-451610216,2026-09-01,PLS-4578-QE,5
ORD-238894583,2025-11-29,YEX-1503-ZO,5
ORD-833578236,2025-10-28,IWF-2641-PM,1
ORD-403325496,2026-07-31,CYU-9231-WQ,5
ORD-182029421,2026-05-07,JFG-4059-BT,7
ORD-540665234,2026-04-21,BMA-2606-MR,5
ORD-854364055,2025-11-12,UJL-8144-FB,5
ORD-721714835,2026-05-26,FDW-2974-MM,1
ORD-269507800,2026-04-26,BMN-1138-NX,9
ORD-354526428,2026-03-10,QPV-6283-PP,3
ORD-763291619,2026-06-22,ENS-7914-CD,8
ORD-478247846,2026-09-11,VGT-2396-BC,9
ORD-716485261,2026-08-17,RKL-1688-XW,3
ORD-785205459,2025-10-11,ZRO-2494-CK,7
ORD-538275872,2026-07-19,VGT-2396-BC,5
ORD-921042022,2026-05-22,JPC-4038-ZD,8
ORD-484999346,2026-10-02,DPS-6493-GH,6
ORD-514054649,2025-12-19,SQU-4445-RD,6
ORD-850674962,2026-07-13,JPC-4038-ZD,6
ORD-469812751,2026-04-09,ALL-3914-AH,4
ORD-470354666,2025-11-29,YUJ-9932-TE,9
ORD-507790476,2025-11-07,BZG-3397-DG,8
ORD-301634910,2026-02-28,KBB-8886-NE,7
ORD-854497894,2026-05-13,IWF-2641-PM,1
ORD-868063647,2026-10-01,CYU-9231-WQ,7
ORD-917406399,2025-11-15,VGT-2396-BC,7
ORD-714315920,2025-12-26,AQO-4304-DP,6
ORD-634006573,2026-06-24,ALL-3914-AH,1
ORD-276976521,2026-04-02,WPN-1619-JK,2
ORD-446889148,2026-07-12,TUG-8815-OQ,5
ORD-870833360,2026-10-06,TZE-7209-SJ,5
ORD-735275982,2026-02-14,JRJ-3044-RK,6
ORD-196931398,2026-04-20,TEU-6306-DW,1
ORD-644504382,2026-08-15,VYE-3450-BC,7
ORD-848662611,2026-07-01,MZY-9033-DB,4
ORD-992032159,2026-06-04,BMN-1138-NX,1
ORD-644117498,2026-05-29,WCV-3480-ZL,8
ORD-662625435,2026-04-11,ENS-7914-CD,7
ORD-310060291,2025-10-19,WBF-8296-CI,1
ORD-412704936,2026-01-18,ZSW-4559-NC,8
ORD-457592323,2026-03-06,DPS-6493-GH,7
ORD-588054118,2026-01-20,WMO-2671-XI,4
ORD-106401078,2026-04-30,IWF-2641-PM,7
ORD-676338247,2025-12-22,AKW-6214-KB,2
ORD-435907956,2026-07-21,QSI-6450-CP,9
ORD-111159798,2026-02-26,WVS-7789-BM,1
ORD-814441832,2025-12-06,MZY-9033-DB,9
ORD-749587905,2026-07-29,MZY-9033-DB,4
ORD-625010847,2026-01-21,CEN-5905-RN,8
ORD-361271888,2026-09-27,SQJ-6851-MV,9
ORD-879336697,2026-04-26,VGT-2396-BC,6
ORD-331443695,2026-08-13,QBS-2485-VZ,9
ORD-492079053,2026-09-25,CEN-5905-RN,3
ORD-197097288,2026-09-12,PIA-9520-VS,5
ORD-409060939,2026-03-01,QSI-6450-CP,8
ORD-747082702,2026-06-25,SMZ-2424-CZ,9
ORD-176974817,2026-05-30,BZG-3397-DG,5
ORD-230207181,2026-09-02,ACX-7534-WZ,5
ORD-886978953,2026-09-07,ULC-5064-OU,9
ORD-208248830,2026-07-31,ATG-6478-FH,8
ORD-242489353,2026-07-16,AOX-2295-KX,6
ORD-602787992,2026-01-09,FDW-2974-MM,3
ORD-622824076,2025-12-05,ZZD-5202-EU,3
ORD-125013408,2026-05-12,ZSW-4559-NC,9
ORD-240206804,2025-10-20,TEU-6306-DW,7
ORD-520757614,2026-04-29,SQJ-6851-MV,6
ORD-475488517,2026-09-11,YFN-4144-LD,6
ORD-393502098,2025-12-26,YUJ-9932-TE,8
ORD-446068509,2026-07-22,ENS-7914-CD,6
ORD-296375124,2026-07-26,PLS-4578-QE,1
ORD-859686390,2026-08-29,BZZ-7801-GR,3
ORD-137559249,2026-10-06,FDW-2974-MM,7
ORD-712431268,2026-09-13,FWV-4332-YB,3
ORD-737394878,2026-07-24,DPS-6493-GH,5
ORD-304998760,2026-01-12,GTS-2961-MC,6
ORD-324353409,2026-04-22,WVS-7789-BM,1
ORD-835762244,2026-05-30,ZSW-4559-NC,1
ORD-382870588,2026-07-27,YEX-1503-ZO,8
ORD-616332874,2026-01-29,OKQ-3335-LO,8
ORD-610925736,2026-04-25,UOU-8134-LR,2
ORD-369816621,2025-10-22,WEZ-8309-MF,2
ORD-673781782,2026-08-25,JPC-4038-ZD,1
ORD-151650871,2026-08-23,VGT-2396-BC,2
ORD-598903695,2026-02-02,MZY-9033-DB,6
ORD-607376235,2026-01-19,ENS-7914-CD,6
ORD-117256315,2026-09-25,AQO-4304-DP,1
ORD-246262089,2026-06-29,QSI-6450-CP,4
ORD-410646227,2026-04-23,BZZ-7801-GR,4
ORD-618020327,2026-02-14,OKQ-3335-LO,8
ORD-545446206,2025-12-12,OLY-4120-OL,2
ORD-834591245,2026-09-25,DIV-1664-AI,9
ORD-537838510,2026-03-26,ENS-7914-CD,4
ORD-376520883,2026-05-14,HYP-6770-TJ,2
ORD-569223866,2026-05-04,ATG-6478-FH,8
ORD-754857320,2026-04-21,ATG-6478-FH,5
ORD-119731814,2026-06-14,DQH-3679-CN,5
ORD-538180655,2026-02-23,DRP-8766-KZ,5
ORD-103379656,2025-12-30,BZG-3397-DG,4
ORD-870625922,2026-07-08,JRJ-3044-RK,6
ORD-100788150,2025-11-24,CKY-1584-BI,1
ORD-660916008,2026-05-29,JAW-8357-TO,2
ORD-161018558,2026-06-30,VGT-2396-BC,5
ORD-944903681,2026-10-03,QBC-4687-EB,7
ORD-985077019,2026-04-22,EEZ-4650-KQ,3
ORD-225022882,2026-09-07,THE-4063-OD,7
ORD-461540275,2025-12-22,AVQ-2602-GD,6
ORD-974907917,2026-07-20,CKY-1584-BI,8
ORD-649569585,2026-09-12,QID-8246-VF,1
ORD-589943781,2026-08-28,ATG-6478-FH,6
ORD-325629073,2026-03-30,DQH-3679-CN,8
ORD-144488391,2026-08-03,YUJ-9932-TE,8
ORD-478910620,2026-01-05,ULC-5064-OU,5
ORD-577325037,2026-05-03,JAW-8357-TO,6
ORD-671207122,2026-04-17,SIO-9071-VU,2
ORD-703468486,2025-11-24,BZZ-7801-GR,8
ORD-392868034,2025-11-07,QID-8246-VF,4
ORD-994878984,2026-08-26,JLN-1757-ET,6
ORD-292291923,2025-12-24,OLY-4120-OL,5
ORD-990780558,2026-02-22,TEU-6306-DW,2
ORD-891074687,2026-06-28,AMV-7840-KA,8
ORD-875293184,2026-09-25,TUG-8815-OQ,9
ORD-815065256,2026-08-26,FWV-4332-YB,3
ORD-834891029,2026-04-19,QBS-2485-VZ,4
ORD-364710250,2026-06-16,TZI-9725-WZ,3
ORD-270547993,2026-10-06,BZZ-7801-GR,2
ORD-118633240,2026-04-25,ZSW-4559-NC,1
ORD-941610152,2025-10-09,QID-8246-VF,4
ORD-309732596,2025-10-28,BZZ-7801-GR,9
ORD-620446090,2026-03-06,CEN-5905-RN,9
ORD-787975708,2025-11-15,EAG-6934-KP,6
ORD-729494522,2026-01-05,EAG-6934-KP,4
ORD-183644448,2025-10-28,KFZ-3438-UO,6
ORD-146798994,2026-02-20,UJL-8144-FB,7
ORD-892131649,2026-05-25,AOX-2295-KX,4
ORD-880193418,2026-03-31,MZY-9033-DB,5
ORD-806310596,2026-04-09,TZI-9725-WZ,8
ORD-975890842,2026-04-16,PIA-9520-VS,5
ORD-549407752,2026-10-02,THE-4063-OD,5
ORD-925924894,2026-05-13,YFN-4144-LD,5
ORD-119947508,2026-08-05,EEZ-4650-KQ,1
ORD-210867747,2025-10-12,TAG-4030-WD,1
ORD-417738255,2025-12-09,EAG-6934-KP,4
ORD-647343316,2026-06-27,QBS-2485-VZ,1
ORD-960321248,2026-07-26,XYZ-5564-JO,5
ORD-597126750,2026-01-04,WMO-2671-XI,9
ORD-479904201,2026-09-13,YFN-4144-LD,6
ORD-613381516,2025-11-02,WBF-8296-CI,2
ORD-590483231,2025-10-21,SQJ-6851-MV,5
ORD-870662139,2025-11-10,EEZ-4650-KQ,6
ORD-657457538,2026-03-03,ENS-7914-CD,6
ORD-212607187,2026-05-17,PIA-9520-VS,9
ORD-714083287,2025-10-17,VYE-3450-BC,4
ORD-790828935,2026-04-06,QPV-6283-PP,4
ORD-347432617,2026-09-23,IWF-2641-PM,6
ORD-147990521,2026-02-02,DXC-6409-PR,6
ORD-827789497,2025-12-05,MOB-2662-PY,4
ORD-450951332,2026-09-21,UOU-8134-LR,1
ORD-365126221,2026-04-15,DQH-3679-CN,8
ORD-220984954,2026-04-29,IWF-2641-PM,9
ORD-796864902,2026-02-02,CYU-9231-WQ,4
ORD-137239510,2026-09-03,SQU-4445-RD,6
ORD-549766821,2026-03-24,NMZ-7286-BF,9
ORD-212442591,2026-01-01,UKF-2323-DR,9
ORD-457923735,2026-09-19,BMA-2606-MR,7
ORD-945656306,2026-02-06,MZJ-2991-QZ,9
ORD-172375556,2026-04-17,RKL-1688-XW,3
ORD-493284042,2026-06-27,SQU-4445-RD,8
ORD-780873183,2025-11-25,IWF-2641-PM,2
ORD-255397725,2026-08-16,VYE-3450-BC,5
ORD-951049000,2026-04-21,PLS-4578-QE,8
ORD-180635490,2026-07-24,ZRO-2494-CK,6
ORD-785537831,2026-04-23,EDT-8993-ES,9
ORD-664533692,2026-01-11,ZMT-4826-ZA,4
ORD-836011825,2025-11-05,UKF-2323-DR,9
ORD-812638798,2025-10-11,JFQ-2161-JM,6
ORD-901664789,2025-12-03,MZY-9033-DB,3
ORD-900231419,2026-05-31,ZSW-4559-NC,1
ORD-581993460,2025-11-17,CYU-9231-WQ,8
ORD-744008932,2026-02-01,ZRO-2494-CK,3
ORD-874204092,2026-01-17,MZY-9033-DB,4
ORD-363830787,2026-05-20,TAG-4030-WD,4
ORD-469083350,2026-09-06,XNY-4376-JR,1
ORD-280689424,2026-09-20,EDT-8993-ES,2
ORD-816408614,2025-11-20,QPV-6283-PP,6
ORD-602890685,2026-08-24,ALL-3914-AH,6
ORD-206579792,2026-02-13,TUG-8815-OQ,8
ORD-999734434,2026-02-18,JLN-1757-ET,9
ORD-246130188,2026-08-07,JPC-4038-ZD,2
ORD-543260212,2025-11-13,MOB-2662-PY,2
ORD-720184445,2026-08-09,SIO-9071-VU,4
ORD-294224148,2026-05-25,PKX-5138-CL,7
ORD-422284933,2026-09-13,DIV-1664-AI,1
ORD-589345430,2025-10-28,QBS-2485-VZ,8
ORD-132970571,2025-11-07,WCV-3480-ZL,6
ORD-712930196,2026-03-06,IWF-2641-PM,3
ORD-752531608,2026-04-08,VJL-8744-XN,6
ORD-445062519,2026-01-25,VAR-7973-TD,5
ORD-935732967,2025-12-05,MZJ-2991-QZ,6
ORD-891403920,2026-10-06,DQH-3679-CN,3
ORD-344343284,2026-05-30,DXC-6409-PR,8
ORD-280341220,2026-06-27,BZZ-7801-GR,7
ORD-132219429,2026-05-01,OKQ-3335-LO,7
ORD-179581434,2025-12-07,AQO-4304-DP,2
ORD-222152472,2026-08-13,AOX-2295-KX,7
ORD-381705403,2025-11-28,IWF-2641-PM,8
ORD-893942531,2026-06-26,FWV-4332-YB,7
ORD-317514166,2026-07-28,BZG-3397-DG,9
ORD-943640590,2026-09-24,AOX-2295-KX,1
ORD-976117940,2025-10-29,SMZ-2424-CZ,4
ORD-526598278,2026-03-14,TUG-8815-OQ,2
ORD-500640701,2026-04-20,WCV-3480-ZL,4
ORD-500071643,2026-03-26,KBB-8886-NE,2
ORD-305684076,2026-02-19,SMZ-2424-CZ,7
ORD-570993624,2026-01-02,SQU-4445-RD,3
ORD-652952706,2025-11-10,JPC-4038-ZD,7
ORD-560438089,2026-01-28,WPN-1619-JK,8
ORD-644949994,2026-04-26,AVQ-2602-GD,6
ORD-493431405,2025-12-20,JFG-4059-BT,6
ORD-765634899,2025-11-21,RSJ-8290-CT,5
ORD-316932213,2025-11-13,HXK-2031-GS,7
ORD-663090897,2026-10-02,DIV-1664-AI,7
ORD-286567930,2026-04-14,AVQ-2602-GD,1
ORD-360885920,2026-04-09,PLS-4578-QE,7
ORD-194002698,2026-04-27,ATG-6478-FH,7
ORD-892977412,2026-06-30,RTY-1001-BP,3
ORD-482910858,2025-12-01,LMR-3124-JD,3
ORD-512932303,2026-06-23,DRP-8766-KZ,6
ORD-940122311,2026-01-28,UJL-8144-FB,8
ORD-518217430,2025-11-21,DQH-3679-CN,8
ORD-461454753,2026-05-24,ALL-3914-AH,1
ORD-930188180,2025-10-19,AMV-7840-KA,4
ORD-232255646,2025-10-09,ZMT-4826-ZA,8
ORD-344928528,2026-09-25,THE-4063-OD,3
ORD-848176568,2026-05-02,SQJ-6851-MV,5
ORD-860477832,2026-06-26,PIA-9520-VS,1
ORD-517071073,2026-09-09,DIV-1664-AI,9
ORD-798999900,2026-04-16,QBS-2485-VZ,7
ORD-352950272,2026-06-24,WMO-2671-XI,6
ORD-758713138,2026-01-31,GAG-3018-XA,4
ORD-691258514,2026-08-06,JFG-4059-BT,2
ORD-158819793,2025-12-06,OLY-4120-OL,6
ORD-660929274,2026-03-31,SQU-4445-RD,8
ORD-863904758,2026-06-06,JRJ-3044-RK,5
ORD-999617084,2026-06-28,EAG-6934-KP,5
ORD-870729154,2026-03-16,OLY-4120-OL,3
ORD-747934995,2026-05-12,JFQ-2161-JM,5
ORD-693292706,2026-02-25,QSI-6450-CP,6
ORD-918212306,2026-08-07,VJL-8744-XN,9
ORD-720239405,2026-07-17,KFZ-3438-UO,3
ORD-579006191,2026-03-07,SIO-9071-VU,7
ORD-770001983,2025-11-25,GAG-3018-XA,1
ORD-310965283,2026-05-29,TAG-4030-WD,4
ORD-973627418,2026-06-11,EEZ-4650-KQ,9
ORD-913710571,2026-03-23,BMA-2606-MR,3
ORD-924625063,2025-12-28,XYZ-5564-JO,7
ORD-827635296,2026-02-23,SQJ-6851-MV,9
ORD-537723493,2026-05-13,SQJ-6851-MV,6
ORD-371538867,2026-05-04,MZJ-2991-QZ,7
ORD-866333751,2025-10-07,HXK-2031-GS,8
ORD-462595682,2026-01-26,DRP-8766-KZ,3
ORD-564232253,2026-01-13,OLY-4120-OL,3
ORD-295962144,2026-08-26,EDT-8993-ES,1
ORD-600138675,2026-06-11,WEZ-8309-MF,5
ORD-915055888,2026-05-20,BMN-1138-NX,5
ORD-238751919,2025-12-20,DPS-6493-GH,7
ORD-315600461,2025-10-31,AKW-6214-KB,5
ORD-891017802,2026-08-25,RKL-1688-XW,9
ORD-756407266,2026-04-11,QID-8246-VF,1
ORD-605216800,2026-04-07,AKW-6214-KB,2
ORD-583690590,2025-12-03,UKU-3036-VW,9
ORD-251685686,2026-03-14,MYN-1663-IQ,9
ORD-821524595,2026-06-09,PLS-4578-QE,5
ORD-460257524,2026-01-29,VGT-2396-BC,6
ORD-912321881,2025-11-08,RTY-1001-BP,5
ORD-474997242,2026-01-07,DWM-4266-IL,4
ORD-255626944,2026-08-24,VJL-8744-XN,5
ORD-784833147,2026-09-28,KBB-8886-NE,7
ORD-580120688,2025-11-30,YUJ-9932-TE,6
ORD-151889482,2026-02-05,QIQ-4858-GV,4
ORD-763226055,2026-07-10,DXC-6409-PR,3
ORD-421281554,2026-07-16,ZRO-2494-CK,4
ORD-656781071,2026-05-13,JPC-4038-ZD,2
ORD-798097716,2025-10-28,PLS-4578-QE,8
ORD-744991346,2026-08-31,GTS-2961-MC,5
ORD-419181110,2025-12-14,DRP-8766-KZ,9
ORD-200737881,2026-05-21,DRP-8766-KZ,1
ORD-462200534,2026-05-14,TZI-9725-WZ,6
ORD-417578544,2026-01-07,QSI-6450-CP,3
ORD-294726255,2026-04-07,AMV-7840-KA,8
ORD-897697929,2025-11-13,XNY-4376-JR,6
ORD-411102693,2026-09-13,RKL-1688-XW,6
ORD-191387761,2026-01-24,WPN-1619-JK,6
ORD-512562202,2026-10-05,DWM-4266-IL,3
ORD-708369669,2026-02-20,ZZD-5202-EU,1
ORD-548883630,2026-02-04,TZE-7209-SJ,5
ORD-786250232,2026-08-04,HYP-6770-TJ,3
ORD-595881786,2026-07-18,RTY-1001-BP,6
ORD-547192254,2026-09-10,MYN-1663-IQ,4
ORD-541213003,2026-03-27,RTY-1001-BP,6
ORD-802616635,2026-01-02,CVP-4807-RY,5
ORD-709543475,2026-09-21,RKL-1688-XW,7
ORD-434900442,2025-12-02,PIA-9520-VS,7
ORD-118468273,2026-02-26,WCV-3480-ZL,2
ORD-808913531,2025-10-30,MZJ-2991-QZ,4
ORD-274280505,2026-02-03,YUJ-9932-TE,6
ORD-720937684,2026-05-06,JAW-8357-TO,1
ORD-567872773,2026-03-21,DPS-6493-GH,3
ORD-589518483,2025-10-20,WVS-7789-BM,9
ORD-358294616,2026-04-09,UJL-8144-FB,8
ORD-496583527,2025-11-04,OKQ-3335-LO,5
ORD-742669437,2026-06-05,QID-8246-VF,8
ORD-823182562,2025-11-13,JLN-1757-ET,2
ORD-887933446,2026-04-21,UKU-3036-VW,8
ORD-902566228,2026-06-27,TAG-4030-WD,9
ORD-987702266,2026-10-01,BMA-2606-MR,9
ORD-664980728,2026-01-28,OLY-4120-OL,7
ORD-228424126,2026-08-06,WHB-9752-TV,6
ORD-608895666,2026-01-02,QBC-4687-EB,9
ORD-149015198,2026-06-20,THE-4063-OD,1
ORD-291678980,2026-05-31,DWM-4266-IL,9
ORD-939665238,2026-04-30,DWM-4266-IL,7
ORD-168284206,2026-01-14,TAG-4030-WD,4
ORD-863064826,2026-03-21,KBB-8886-NE,4
ORD-143416951,2026-07-01,HYP-6770-TJ,1
ORD-392316118,2025-10-20,HXK-2031-GS,6
ORD-701648181,2025-12-15,WMO-2671-XI,8
ORD-656216396,2025-12-21,DPS-6493-GH,6
ORD-403128593,2025-12-18,DWM-4266-IL,2
ORD-921076356,2026-03-05,YEX-1503-ZO,8
ORD-432069317,2026-08-05,TAG-4030-WD,1
ORD-898754576,2026-06-01,ENS-7914-CD,1
ORD-673312543,2026-05-19,AKW-6214-KB,6
ORD-587101287,2026-06-14,QPV-6283-PP,5
ORD-527205211,2025-12-07,KFZ-3438-UO,1
ORD-213214375,2026-06-16,WHB-9752-TV,9
ORD-402135503,2026-04-04,XYZ-5564-JO,6
ORD-578747241,2026-09-02,RSJ-8290-CT,4
ORD-712564670,2026-07-12,CYU-9231-WQ,9
ORD-504610237,2026-08-07,VGT-2396-BC,6
ORD-391195815,2026-06-06,GTS-2961-MC,7
ORD-591786306,2026-02-26,ZZD-5202-EU,4
ORD-812923750,2026-01-28,AOX-2295-KX,1
ORD-276590536,2026-08-16,WPN-1619-JK,7
ORD-691679379,2025-11-30,TEW-6083-MX,9
ORD-785239009,2026-03-01,SQJ-6851-MV,1
ORD-214948752,2025-11-10,YUJ-9932-TE,4
ORD-229215152,2025-10-27,AMV-7840-KA,3
ORD-250973980,2026-07-10,WHB-9752-TV,4
ORD-483065778,2026-03-26,OLY-4120-OL,8
ORD-478230374,2026-03-20,GTS-2961-MC,5
ORD-351880530,2026-02-19,VJL-8744-XN,1
ORD-787901040,2026-08-16,TEW-6083-MX,3
ORD-762674914,2026-03-02,JAW-8357-TO,9
ORD-141588245,2026-05-14,RSJ-8290-CT,2
ORD-407089946,2026-09-04,PIA-9520-VS,6
ORD-678386410,2025-11-04,QIQ-4858-GV,3
ORD-690893916,2026-09-17,KBB-8886-NE,5
ORD-323173059,2026-06-03,THE-4063-OD,2
ORD-708721905,2026-03-14,DPS-6493-GH,8
ORD-852029059,2026-06-22,KBB-8886-NE,3
ORD-551872880,2025-11-08,ALL-3914-AH,5
ORD-118307721,2025-12-05,YUJ-9932-TE,9
ORD-922427169,2026-02-05,ENS-7914-CD,8
ORD-311821679,2026-05-15,CYU-9231-WQ,4
ORD-636612417,2025-10-31,IWF-2641-PM,4
ORD-907485143,2026-06-24,QSI-6450-CP,6
ORD-367855198,2025-11-09,THE-4063-OD,6
ORD-616687580,2026-07-25,LMR-3124-JD,9
ORD-807250589,2026-04-30,KBB-8886-NE,3
ORD-464300519,2025-12-23,DPS-6493-GH,4
ORD-506534054,2026-03-22,TAG-4030-WD,8
ORD-379063144,2026-09-07,PLS-4578-QE,1
ORD-321216451,2026-09-02,RTY-1001-BP,6
ORD-811383271,2025-12-29,SQJ-6851-MV,8
ORD-412182089,2026-03-28,XYZ-5564-JO,7
ORD-356024953,2026-08-26,UOU-8134-LR,4
ORD-503160883,2025-11-05,VJL-8744-XN,2
ORD-516697217,2026-02-08,PLS-4578-QE,1
ORD-250393274,2026-09-27,ZSW-4559-NC,5
ORD-551506263,2026-07-28,AOX-2295-KX,9
ORD-581619683,2025-11-14,JLN-1757-ET,9
ORD-274453317,2025-11-17,RTY-1001-BP,5
ORD-478195775,2025-12-16,TUG-8815-OQ,7
ORD-282424455,2026-07-09,QBS-2485-VZ,3
ORD-548331999,2026-05-23,JFG-4059-BT,5
ORD-236337862,2025-11-22,DWM-4266-IL,7
ORD-147210210,2026-03-09,YEX-1503-ZO,2
ORD-532638713,2026-01-29,MZY-9033-DB,1
ORD-410039349,2025-12-11,VJL-8744-XN,9
ORD-115877602,2026-04-28,VJL-8744-XN,6
ORD-413731151,2026-05-02,QSI-6450-CP,1
ORD-184415264,2026-04-07,LDE-5561-AB,9
ORD-769865319,2026-05-06,IWF-2641-PM,8
ORD-573391923,2025-12-07,CVP-4807-RY,4
ORD-113994407,2026-10-06,HXK-2031-GS,6
ORD-807937104,2026-03-17,VAR-7973-TD,2
ORD-209737056,2026-08-07,UKF-2323-DR,7
ORD-248468976,2026-08-31,EDT-8993-ES,7
ORD-365822073,2026-05-28,SMZ-2424-CZ,3
ORD-188880193,2026-05-25,WHB-9752-TV,3
ORD-743616717,2026-01-21,MZJ-2991-QZ,3
ORD-926456582,2026-01-06,SQJ-6851-MV,1
ORD-102307562,2026-03-11,CYU-9231-WQ,9
ORD-464897065,2025-12-19,HYP-6770-TJ,1
ORD-688784567,2025-10-14,EEZ-4650-KQ,2
ORD-448804881,2026-05-03,VYE-3450-BC,4
ORD-449573407,2026-08-03,ENS-7914-CD,9
ORD-363087399,2026-01-06,JAE-3474-IK,8
ORD-111677482,2026-04-30,LDE-5561-AB,6
ORD-476558955,2026-07-27,PIA-9520-VS,4
ORD-151874829,2026-07-12,OKQ-3335-LO,1
ORD-234627314,2026-01-21,SQU-4445-RD,8
ORD-892376767,2025-10-10,UOU-8134-LR,9
ORD-182100308,2025-11-17,KBB-8886-NE,1
ORD-150930626,2026-05-19,SQJ-6851-MV,6
ORD-549421343,2026-04-02,CEN-5905-RN,2
ORD-581487131,2026-09-27,PIA-9520-VS,9
ORD-671700484,2025-11-13,MZJ-2991-QZ,5
ORD-775705654,2025-10-15,VGT-2396-BC,2
ORD-484941332,2025-11-10,WEZ-8309-MF,3
ORD-161758792,2025-12-20,FWV-4332-YB,2
ORD-702276628,2026-03-26,JPC-4038-ZD,7
ORD-590507433,2026-07-28,CKY-1584-BI,9
ORD-713533048,2025-12-19,CYU-9231-WQ,4
ORD-572299188,2026-08-24,QBC-4687-EB,9
ORD-318891949,2026-09-17,PLS-4578-QE,1
ORD-822632239,2026-04-29,UKF-2323-DR,1
ORD-356723647,2026-09-18,TZI-9725-WZ,3
ORD-135612391,2026-06-22,LDE-5561-AB,6
ORD-350892229,2025-10-26,JFQ-2161-JM,8
ORD-709445293,2026-05-20,WBF-8296-CI,9
ORD-878655556,2026-08-22,JAE-3474-IK,5
ORD-486922781,2025-11-27,QIQ-4858-GV,1
ORD-571735285,2025-10-23,WMO-2671-XI,2
ORD-814236873,2025-12-20,WHB-9752-TV,3
ORD-748004533,2026-05-04,QIQ-4858-GV,9
ORD-225805162,2026-09-14,WPN-1619-JK,5
ORD-248092005,2026-05-01,YUJ-9932-TE,5
ORD-987716407,2026-05-24,DRP-8766-KZ,7
ORD-943162926,2026-10-04,XNY-4376-JR,6
ORD-265314901,2026-10-06,VGT-2396-BC,9
ORD-639549711,2025-11-26,CVP-4807-RY,4
ORD-362656024,2025-11-07,YEX-1503-ZO,3
ORD-607840453,2026-04-09,AVQ-2602-GD,2
ORD-295889045,2026-08-28,DXC-6409-PR,3
ORD-433918977,2026-04-05,QID-8246-VF,6
ORD-660624305,2025-10-24,MZJ-2991-QZ,7
ORD-683308678,2026-04-04,OKQ-3335-LO,1
ORD-814830356,2026-06-15,UKF-2323-DR,2
ORD-339889291,2025-10-25,TZI-9725-WZ,6
ORD-331987345,2026-09-29,HXK-2031-GS,8
ORD-152326189,2026-07-26,OKQ-3335-LO,4
ORD-376339550,2026-06-30,GTS-2961-MC,6
ORD-425754863,2025-12-26,MYN-1663-IQ,1
ORD-709243399,2026-05-06,KFZ-3438-UO,6
ORD-503315640,2026-03-06,BZZ-7801-GR,1
ORD-211556155,2025-10-12,JFQ-2161-JM,8
ORD-772626950,2026-03-16,EEZ-4650-KQ,4
ORD-204179349,2025-10-29,BZZ-7801-GR,7
ORD-852483745,2025-10-11,WCV-3480-ZL,8
ORD-401040315,2026-04-25,PKX-5138-CL,5
ORD-336217572,2026-08-13,WHL-3793-KN,3
ORD-815165386,2026-09-04,WHB-9752-TV,1
ORD-271327296,2025-11-15,VYE-3450-BC,9
ORD-944215525,2026-08-04,TEU-6306-DW,8
ORD-965311243,2026-03-03,PLS-4578-QE,3
ORD-347140566,2026-08-15,HYP-6770-TJ,8
ORD-986009855,2026-10-02,AKW-6214-KB,7
ORD-368635852,2025-12-30,VGT-2396-BC,9
ORD-125362827,2026-05-30,BZG-3397-DG,7
ORD-255038039,2026-05-25,DPS-6493-GH,4
ORD-183646728,2025-12-21,SQU-4445-RD,7
ORD-246386599,2026-09-13,FWV-4332-YB,2
ORD-186215886,2026-03-31,LMR-3124-JD,2
ORD-624034583,2025-11-09,BZG-3397-DG,9
ORD-215765669,2026-06-18,QIQ-4858-GV,6
ORD-698105232,2026-09-26,ZZD-5202-EU,7
ORD-816431104,2026-01-25,OKQ-3335-LO,3
ORD-144110547,2026-03-04,DPS-6493-GH,6
ORD-707960813,2026-02-04,BZG-3397-DG,4
ORD-187128359,2026-08-20,WPN-1619-JK,3
ORD-695455638,2026-05-14,ULC-5064-OU,1
ORD-944351860,2026-01-29,QPV-6283-PP,9
ORD-685173155,2026-06-07,AQO-4304-DP,3
ORD-690478427,2026-07-10,SQU-4445-RD,8
ORD-333804063,2026-06-05,ZZD-5202-EU,1
ORD-902361923,2026-03-29,ZSW-4559-NC,1
ORD-128014672,2026-02-21,HXK-2031-GS,4
ORD-394141584,2026-09-09,BZZ-7801-GR,8
ORD-407695235,2026-09-08,HYP-6770-TJ,7
ORD-229447827,2026-03-20,CVP-4807-RY,6
ORD-279745569,2026-03-18,JRJ-3044-RK,6
ORD-910568660,2026-08-29,MZY-9033-DB,4
ORD-702558018,2026-09-27,IWF-2641-PM,4
ORD-197230377,2026-03-29,ACX-7534-WZ,5
ORD-946532648,2025-12-14,DIV-1664-AI,2
ORD-503107212,2026-01-21,WHL-3793-KN,9
ORD-403832630,2026-07-12,JAE-3474-IK,1
ORD-201838265,2025-10-12,TEW-6083-MX,6
ORD-538982988,2026-01-02,ULC-5064-OU,4
ORD-353401750,2026-10-02,DQH-3679-CN,8
ORD-912149773,2026-07-13,TEU-6306-DW,3
ORD-775840009,2026-02-01,QSI-6450-CP,1
ORD-816741967,2026-06-11,LMR-3124-JD,1
ORD-785573859,2026-07-17,FDW-2974-MM,6
ORD-116800082,2026-07-03,BMN-1138-NX,9
ORD-679693399,2026-09-01,AKW-6214-KB,9
ORD-655619468,2026-01-22,YUJ-9932-TE,1
ORD-177275340,2026-04-26,GAG-3018-XA,7
ORD-118741617,2026-10-06,AVQ-2602-GD,1
ORD-115376955,2026-08-14,ACX-7534-WZ,6
ORD-126935596,2026-08-29,UKF-2323-DR,5
ORD-629131145,2026-05-17,EDT-8993-ES,5
ORD-768892928,2025-10-16,VJL-8744-XN,8
ORD-901557030,2026-01-16,TZE-7209-SJ,9
ORD-631678651,2026-04-05,EDT-8993-ES,9
ORD-683397283,2025-12-24,ZMT-4826-ZA,6
ORD-483616457,2026-09-27,ALL-3914-AH,3
ORD-805172728,2026-05-02,ATG-6478-FH,1
ORD-226068712,2026-05-05,DRP-8766-KZ,3
ORD-487114956,2026-04-19,OLY-4120-OL,5
ORD-516750005,2026-06-25,QBS-2485-VZ,8
ORD-621783843,2025-10-15,WCV-3480-ZL,2
ORD-978961206,2026-05-23,DXC-6409-PR,9
ORD-497519297,2026-01-26,QPV-6283-PP,1
ORD-152958584,2026-10-04,RKL-1688-XW,3
ORD-398116501,2026-08-27,NMZ-7286-BF,6
ORD-319420470,2026-05-14,WVS-7789-BM,1
ORD-113828905,2026-09-07,OLY-4120-OL,9
ORD-699125314,2026-02-12,TAG-4030-WD,9
ORD-585987451,2026-07-20,CVP-4807-RY,9
ORD-696204095,2026-04-16,TEW-6083-MX,3
ORD-528601638,2026-05-20,ULC-5064-OU,7
ORD-859335577,2025-10-07,QPV-6283-PP,1
ORD-928349039,2026-04-09,ATG-6478-FH,4
ORD-874299913,2026-08-06,WMO-2671-XI,8
ORD-230387419,2026-09-16,ALL-3914-AH,9
ORD-268271937,2026-04-20,UKF-2323-DR,8
ORD-627560160,2026-02-02,TZE-7209-SJ,6
ORD-234339350,2026-06-15,SQU-4445-RD,8
ORD-451681941,2026-02-04,KBB-8886-NE,3
ORD-255424966,2026-01-22,JAW-8357-TO,5
ORD-528545174,2025-12-07,VGT-2396-BC,4
ORD-319082317,2026-03-08,LMR-3124-JD,3
ORD-993866224,2026-05-17,PLS-4578-QE,9
ORD-742380052,2026-07-06,JAW-8357-TO,1
ORD-512102883,2026-04-22,FDW-2974-MM,4
ORD-579230258,2026-08-09,VYE-3450-BC,1
ORD-551456299,2025-12-05,BMA-2606-MR,9
ORD-642969035,2026-01-19,JPC-4038-ZD,5
ORD-554333290,2026-05-20,DIV-1664-AI,2
ORD-441284031,2026-03-27,EDT-8993-ES,8
ORD-961004242,2026-07-06,WHL-3793-KN,2
ORD-832775998,2026-06-15,WHL-3793-KN,1
ORD-649013504,2025-11-16,SIO-9071-VU,1
ORD-359733364,2025-11-17,VYE-3450-BC,3
ORD-192641910,2025-12-14,UOU-8134-LR,8
ORD-720364369,2025-12-09,PKX-5138-CL,5
ORD-300448602,2025-12-17,JAW-8357-TO,6
ORD-847962294,2026-09-09,BMN-1138-NX,4
ORD-596190714,2026-02-12,ZMT-4826-ZA,8
ORD-490571394,2025-10-18,SQJ-6851-MV,2
ORD-327670432,2026-07-03,VGT-2396-BC,3
ORD-222985894,2026-08-27,KFZ-3438-UO,9
ORD-126982274,2026-06-13,PLS-4578-QE,2
ORD-321722299,2025-11-08,AQO-4304-DP,1
ORD-251124269,2026-02-18,LDE-5561-AB,4
ORD-140063597,2025-11-18,WVS-7789-BM,4
ORD-379186547,2026-05-06,AQO-4304-DP,6
ORD-941732427,2026-06-20,UKU-3036-VW,4
ORD-340308725,2025-11-18,ALL-3914-AH,9
ORD-942030941,2025-12-01,EAG-6934-KP,8
ORD-485445926,2026-02-18,JLN-1757-ET,8
ORD-349438493,2026-02-16,VGT-2396-BC,6
ORD-503125696,2026-07-14,PLS-4578-QE,3
ORD-867877958,2026-02-21,OKQ-3335-LO,8
ORD-489071682,2026-03-26,VYE-3450-BC,9
ORD-213341320,2026-09-18,UKF-2323-DR,6
ORD-900408140,2025-12-10,WMO-2671-XI,1
ORD-913543853,2026-02-14,DRP-8766-KZ,3
ORD-869381797,2026-01-04,TZI-9725-WZ,9
ORD-614480003,2026-07-16,WHB-9752-TV,7
ORD-357750258,2026-04-13,AVQ-2602-GD,3
ORD-151427874,2026-06-08,THE-4063-OD,9
ORD-609387507,2026-03-29,CYU-9231-WQ,7
ORD-255902673,2026-04-20,AKW-6214-KB,2
ORD-157339863,2025-10-10,RSJ-8290-CT,4
ORD-895013322,2025-11-23,WCV-3480-ZL,6
ORD-398301076,2026-09-17,WMO-2671-XI,3
ORD-819250091,2026-07-15,LDE-5561-AB,6
ORD-842247613,2026-07-23,JFQ-2161-JM,4
ORD-393603733,2026-08-07,DRP-8766-KZ,2
ORD-139277660,2026-02-28,WCV-3480-ZL,9
ORD-610861072,2026-03-23,AOX-2295-KX,2
ORD-611773581,2025-11-19,AMV-7840-KA,8
ORD-972550648,2026-05-13,THE-4063-OD,7
ORD-696024058,2026-02-16,BZG-3397-DG,9
ORD-397023206,2025-10-21,LMR-3124-JD,3
ORD-654428518,2026-06-10,ZRO-2494-CK,2
ORD-352433719,2025-12-28,MZJ-2991-QZ,9
ORD-899219774,2026-07-26,ZMT-4826-ZA,8
ORD-646572519,2025-11-11,QIQ-4858-GV,6
ORD-314500411,2026-03-19,VYE-3450-BC,2
ORD-781183802,2026-08-29,BMN-1138-NX,3
ORD-605350143,2026-01-22,VYE-3450-BC,8
ORD-242414115,2026-08-20,MOB-2662-PY,5
ORD-647617159,2026-09-29,OKQ-3335-LO,4
ORD-980577323,2026-07-03,ACX-7534-WZ,1
ORD-432381847,2026-01-16,WMO-2671-XI,8
ORD-352273646,2026-03-21,EAG-6934-KP,4
ORD-988690721,2026-02-16,ZSW-4559-NC,4
ORD-557682478,2026-08-07,ALL-3914-AH,3
ORD-177951000,2026-09-30,WVS-7789-BM,7
ORD-426476621,2025-12-20,TAG-4030-WD,3
ORD-394829335,2026-02-13,TAG-4030-WD,6
ORD-830771167,2026-08-17,OKQ-3335-LO,9
ORD-551593255,2025-11-16,FDW-2974-MM,4
ORD-489949535,2026-02-21,QID-8246-VF,7
ORD-376157071,2026-09-21,WMO-2671-XI,3
ORD-146377679,2026-08-17,WMO-2671-XI,1
ORD-379344637,2026-03-27,ALL-3914-AH,3
ORD-871448563,2026-09-10,TEW-6083-MX,2
ORD-852551006,2025-10-28,DXC-6409-PR,8
ORD-740386917,2026-08-10,AQO-4304-DP,8
ORD-170185718,2026-08-21,SIO-9071-VU,4
ORD-202879556,2026-01-01,TEW-6083-MX,4
ORD-895313109,2026-03-24,SQJ-6851-MV,1
ORD-345602619,2026-05-30,QID-8246-VF,1
ORD-509446668,2025-12-04,PIA-9520-VS,6
ORD-562123393,2025-10-31,AKW-6214-KB,1
ORD-539959490,2026-03-03,DRP-8766-KZ,6
ORD-986863788,2026-02-05,AKW-6214-KB,6
ORD-485567737,2026-10-05,OKQ-3335-LO,6
ORD-233241617,2026-08-17,WCV-3480-ZL,9
ORD-681540736,2025-11-20,DIV-1664-AI,9
ORD-551832606,2026-05-26,WBF-8296-CI,2
ORD-428363402,2025-11-02,IWF-2641-PM,4
ORD-587653345,2026-05-05,IWF-2641-PM,1
ORD-711461768,2026-07-22,UOU-8134-LR,9
ORD-878717724,2026-07-14,SIO-9071-VU,5
ORD-199095504,2025-12-15,RTY-1001-BP,6
ORD-730061060,2026-05-26,ULC-5064-OU,4
ORD-710110751,2026-06-16,SIO-9071-VU,9
ORD-977236648,2026-05-29,MZJ-2991-QZ,8
ORD-605352852,2026-02-15,QPV-6283-PP,2
ORD-516869987,2026-03-05,SIO-9071-VU,1
ORD-937564576,2026-01-02,QBC-4687-EB,6
ORD-995220328,2026-04-22,BZG-3397-DG,8
ORD-132140681,2025-10-11,WMO-2671-XI,1
ORD-354000247,2026-02-18,RTY-1001-BP,3
ORD-602618551,2026-03-27,MYN-1663-IQ,9
ORD-968604738,2026-01-14,HXK-2031-GS,1
ORD-419833906,2026-04-25,JFG-4059-BT,7
ORD-795580787,2026-09-28,QPV-6283-PP,6
ORD-534990157,2025-12-19,AMV-7840-KA,2
ORD-789019750,2026-08-21,TZE-7209-SJ,3
ORD-784780258,2025-11-23,PKX-5138-CL,3
ORD-368739963,2026-08-01,AVQ-2602-GD,6
ORD-921652204,2026-03-01,UOU-8134-LR,3
ORD-214272366,2026-02-07,SQJ-6851-MV,3
ORD-595115086,2026-03-26,UKU-3036-VW,4
ORD-791477354,2026-01-18,ULC-5064-OU,1
ORD-441112845,2026-08-28,JAE-3474-IK,4
ORD-130298106,2025-12-12,ZMT-4826-ZA,6
ORD-826488040,2026-04-23,RTY-1001-BP,6
ORD-194348348,2026-01-20,EAG-6934-KP,5
ORD-210439430,2025-11-30,MZY-9033-DB,1
ORD-627907046,2025-12-03,KFZ-3438-UO,4
ORD-280999079,2026-05-26,DIV-1664-AI,4
ORD-960517362,2026-09-21,EAG-6934-KP,3
ORD-532953087,2025-10-13,SQU-4445-RD,3
ORD-811811419,2026-06-19,SQU-4445-RD,4
ORD-593222410,2026-02-23,BMA-2606-MR,8
ORD-167228004,2026-04-11,WCV-3480-ZL,6
ORD-210250621,2025-12-21,DPS-6493-GH,1
ORD-903534657,2026-03-21,TAG-4030-WD,8
ORD-319932113,2025-11-01,AKW-6214-KB,9
ORD-119476196,2025-12-08,WPN-1619-JK,6
ORD-752060545,2026-06-14,JFQ-2161-JM,1
ORD-919513263,2026-07-21,DIV-1664-AI,4
ORD-902893811,2026-09-11,VAR-7973-TD,5
ORD-270643488,2026-01-22,QBC-4687-EB,9
ORD-126769805,2025-10-15,JFQ-2161-JM,7
ORD-816248421,2026-05-10,EAG-6934-KP,4
ORD-464793064,2025-12-25,WMO-2671-XI,9
ORD-688407864,2026-09-16,RSJ-8290-CT,2
ORD-256356189,2026-02-02,DWM-4266-IL,6
ORD-720350146,2025-11-24,AVQ-2602-GD,6
ORD-447188215,2026-07-22,JFG-4059-BT,6
ORD-210806367,2026-01-27,BMN-1138-NX,2
ORD-664115083,2026-06-02,DXC-6409-PR,6
ORD-706760586,2026-05-06,FDW-2974-MM,5
ORD-528696159,2026-02-16,PKX-5138-CL,3
ORD-210869169,2026-05-25,VAR-7973-TD,5
ORD-388685020,2026-07-15,TZI-9725-WZ,6
ORD-869343272,2026-02-03,PIA-9520-VS,6
ORD-645875515,2025-12-08,QBS-2485-VZ,4
ORD-495205151,2026-07-18,GAG-3018-XA,1
ORD-176826208,2025-11-17,ZSW-4559-NC,9
ORD-971512928,2026-10-05,UKF-2323-DR,8
ORD-197904601,2026-03-02,NMZ-7286-BF,4
ORD-101197273,2026-06-29,AQO-4304-DP,3
ORD-663537310,2026-08-07,ENS-7914-CD,6
ORD-969918180,2026-08-14,LMR-3124-JD,4
ORD-861289364,2026-01-25,TUG-8815-OQ,2
ORD-443198750,2026-03-31,DWM-4266-IL,5
ORD-173516025,2026-07-25,FDW-2974-MM,8
ORD-259941786,2026-05-07,YFN-4144-LD,3
ORD-673184523,2026-09-12,QID-8246-VF,5
ORD-845369671,2026-10-02,WHB-9752-TV,7
ORD-113981784,2026-01-02,QBC-4687-EB,2
ORD-165652303,2026-05-02,PKX-5138-CL,3
ORD-950317753,2026-05-22,MZJ-2991-QZ,6
ORD-278155719,2026-06-27,SQJ-6851-MV,1
ORD-986649920,2026-03-28,PIA-9520-VS,8
ORD-672748977,2026-02-19,DRP-8766-KZ,8
ORD-170644898,2026-03-13,KBB-8886-NE,8
ORD-969006514,2026-05-15,XNY-4376-JR,7
ORD-762938280,2025-11-25,AQO-4304-DP,7
ORD-136010275,2026-02-25,TUG-8815-OQ,5
ORD-319245788,2025-10-26,UOU-8134-LR,5
ORD-501524238,2026-09-11,JFQ-2161-JM,4
ORD-365671581,2025-11-28,AVQ-2602-GD,7
ORD-168272759,2025-10-30,QID-8246-VF,8
ORD-385201065,2026-06-23,TUG-8815-OQ,9
ORD-443792171,2025-10-10,ZRO-2494-CK,1
ORD-472887113,2026-02-18,BZZ-7801-GR,3
ORD-910500944,2026-07-21,FDW-2974-MM,2
ORD-391810589,2026-09-12,CKY-1584-BI,7
ORD-572506245,2025-11-27,WVS-7789-BM,3
ORD-801519214,2026-05-10,RKL-1688-XW,1
ORD-926327130,2025-12-17,EDT-8993-ES,5
ORD-992139580,2026-06-30,LMR-3124-JD,4
ORD-594831095,2026-07-19,UKF-2323-DR,8
ORD-233514426,2026-04-26,ENS-7914-CD,4
ORD-255309095,2026-09-13,JFQ-2161-JM,1
ORD-401342897,2026-05-08,TUG-8815-OQ,2
ORD-106818563,2026-08-24,AOX-2295-KX,4
ORD-949025875,2025-11-13,DIV-1664-AI,2
ORD-758655381,2025-10-28,ENS-7914-CD,8
ORD-112075203,2026-04-20,QPV-6283-PP,8
ORD-952559882,2026-03-17,BZG-3397-DG,4
ORD-575014065,2026-06-14,UKF-2323-DR,9
ORD-601875232,2026-02-03,RKL-1688-XW,8
ORD-636955062,2025-10-25,YEX-1503-ZO,6
ORD-767457148,2026-03-29,WVS-7789-BM,4
ORD-879206891,2026-09-13,RKL-1688-XW,5
ORD-142769303,2026-02-08,VYE-3450-BC,6
ORD-627501293,2026-09-03,UJL-8144-FB,3
ORD-782988628,2026-09-09,WVS-7789-BM,9
ORD-148953921,2026-02-28,QID-8246-VF,5
ORD-480304199,2026-04-09,ATG-6478-FH,9
ORD-672216808,2025-11-04,ENS-7914-CD,4
ORD-988339547,2026-09-22,THE-4063-OD,3
ORD-239731672,2025-12-01,WCV-3480-ZL,4
ORD-518439983,2026-04-17,MZY-9033-DB,5
ORD-363190997,2025-10-28,NMZ-7286-BF,3
ORD-474933664,2026-06-12,QPV-6283-PP,2
ORD-682024130,2026-05-14,ENS-7914-CD,6
ORD-857360175,2026-01-05,XYZ-5564-JO,4
ORD-821571240,2025-11-10,TUG-8815-OQ,5
ORD-541344992,2026-09-12,QIQ-4858-GV,1
ORD-124887369,2026-07-24,HXK-2031-GS,5
ORD-469393951,2026-08-27,TEU-6306-DW,6
ORD-370566223,2025-11-12,ATG-6478-FH,5
ORD-384210750,2026-05-01,MZY-9033-DB,1
ORD-521059381,2026-05-23,GTS-2961-MC,2
ORD-429928305,2026-06-24,ULC-5064-OU,2
ORD-788165432,2025-12-30,CYU-9231-WQ,3
ORD-161747055,2026-09-06,QBC-4687-EB,2
ORD-464689991,2025-11-18,OKQ-3335-LO,6
ORD-159635349,2026-08-29,RSJ-8290-CT,5
ORD-702359720,2026-02-25,TZE-7209-SJ,2
ORD-669306743,2026-08-25,BMA-2606-MR,6
ORD-452275095,2026-02-15,OLY-4120-OL,4
ORD-845460211,2025-11-26,DQH-3679-CN,7
ORD-589088008,2026-04-01,KBB-8886-NE,9
ORD-953466021,2026-05-28,LMR-3124-JD,1
ORD-298155103,2025-11-21,TEU-6306-DW,1
ORD-687291577,2026-06-15,SMZ-2424-CZ,7
ORD-332643214,2026-09-28,WBF-8296-CI,5
ORD-442271240,2026-01-22,TAG-4030-WD,8
ORD-641767909,2026-01-17,FWV-4332-YB,2
ORD-380579254,2025-11-17,GTS-2961-MC,5
ORD-711607727,2026-07-04,TAG-4030-WD,1
ORD-131180233,2026-07-09,QID-8246-VF,1
ORD-849250453,2025-11-14,QBC-4687-EB,6
ORD-146020172,2025-10-09,IWF-2641-PM,5
ORD-851703521,2026-02-24,UJL-8144-FB,7
ORD-961118556,2026-08-23,JFG-4059-BT,5
ORD-179572722,2026-03-26,DWM-4266-IL,4
ORD-616810409,2026-01-09,NMZ-7286-BF,8
ORD-224018267,2026-08-07,QID-8246-VF,6
ORD-710395414,2026-06-23,YFN-4144-LD,4
ORD-969083258,2026-02-14,BMA-2606-MR,1
ORD-605159283,2025-12-15,AVQ-2602-GD,1
ORD-205333867,2025-10-27,AMV-7840-KA,2
ORD-996503789,2026-08-27,MZY-9033-DB,7
ORD-906107247,2026-02-27,SIO-9071-VU,9
ORD-663685464,2026-09-02,MYN-1663-IQ,1
ORD-796870842,2026-07-06,EEZ-4650-KQ,8
ORD-133115291,2026-07-16,DQH-3679-CN,9
ORD-960310397,2025-12-02,TEW-6083-MX,1
ORD-190182825,2026-05-22,ZMT-4826-ZA,4
ORD-524685028,2026-02-16,LDE-5561-AB,9
ORD-136802906,2026-03-26,BMA-2606-MR,2
ORD-903136253,2025-12-15,WCV-3480-ZL,3
ORD-486406433,2025-11-19,JPC-4038-ZD,8
ORD-201505087,2026-04-07,JRJ-3044-RK,6
ORD-382431310,2025-11-20,DWM-4266-IL,5
ORD-355252065,2026-04-07,ACX-7534-WZ,7
ORD-672421252,2025-11-19,BMA-2606-MR,3
ORD-286355509,2026-02-09,TEU-6306-DW,6
ORD-552810625,2026-02-19,YUJ-9932-TE,3
ORD-948456614,2026-03-25,ACX-7534-WZ,5
ORD-862935993,2026-07-31,FWV-4332-YB,3
ORD-941393595,2025-11-26,PLS-4578-QE,4
ORD-323373024,2026-04-25,JRJ-3044-RK,2
ORD-853302069,2026-03-23,MZY-9033-DB,2
ORD-719688948,2026-06-01,CYU-9231-WQ,7
ORD-559239639,2026-05-05,QID-8246-VF,3
ORD-309178718,2026-05-06,YFN-4144-LD,9
ORD-946242809,2025-12-21,THE-4063-OD,8
ORD-588604517,2026-02-21,WPN-1619-JK,7
ORD-195698181,2025-12-13,ZRO-2494-CK,6
ORD-191763836,2025-11-11,EEZ-4650-KQ,6
ORD-999443491,2026-01-07,JRJ-3044-RK,6
ORD-140005771,2026-05-18,ENS-7914-CD,7
ORD-859945341,2026-07-23,WBF-8296-CI,7
ORD-290819482,2026-06-27,BZZ-7801-GR,9
ORD-852162956,2026-05-03,THE-4063-OD,3
ORD-645411231,2025-12-04,DXC-6409-PR,4
ORD-347105451,2026-08-07,OLY-4120-OL,4
ORD-570618669,2025-11-24,AQO-4304-DP,7
ORD-968980962,2025-10-12,DPS-6493-GH,9
ORD-175556268,2026-04-10,IWF-2641-PM,1
ORD-260857730,2026-03-26,DQH-3679-CN,8
ORD-109404305,2025-11-09,JRJ-3044-RK,4
ORD-184352758,2025-10-19,ZRO-2494-CK,2
ORD-143366425,2025-12-28,QBS-2485-VZ,2
ORD-576494793,2026-07-11,DQH-3679-CN,2
ORD-398943778,2026-09-23,GTS-2961-MC,6
ORD-841972360,2026-09-27,TUG-8815-OQ,1
ORD-489375496,2025-12-23,NMZ-7286-BF,9
ORD-599010865,2026-01-16,OKQ-3335-LO,4
ORD-212545039,2025-11-30,UKF-2323-DR,2
ORD-434755534,2026-01-23,TEU-6306-DW,7
ORD-599499038,2026-05-02,SQJ-6851-MV,5
ORD-512006902,2026-04-16,SMZ-2424-CZ,9
ORD-650445768,2025-11-18,QBS-2485-VZ,7
ORD-548628893,2026-09-03,GAG-3018-XA,5
ORD-391658051,2026-04-15,CEN-5905-RN,4
ORD-983727904,2025-10-07,SQJ-6851-MV,6
ORD-464363920,2026-04-05,BZZ-7801-GR,4
ORD-944502482,2026-05-03,ATG-6478-FH,3
ORD-550408329,2026-09-12,UOU-8134-LR,1
ORD-198220516,2026-06-13,MZY-9033-DB,1
ORD-337657382,2026-02-14,AOX-2295-KX,2
ORD-506924108,2025-12-10,JLN-1757-ET,3
ORD-642111772,2026-08-18,AOX-2295-KX,5
ORD-657432093,2026-03-08,BMN-1138-NX,8
ORD-568490104,2026-06-22,AOX-2295-KX,2
ORD-944558827,2025-10-24,PIA-9520-VS,6
ORD-731629512,2026-02-02,JAW-8357-TO,8
ORD-520650525,2026-05-20,GAG-3018-XA,4
ORD-810705853,2026-03-28,GAG-3018-XA,3
ORD-338201059,2026-05-14,THE-4063-OD,6
ORD-697818279,2025-12-11,VGT-2396-BC,6
ORD-693526648,2026-04-21,YFN-4144-LD,7
ORD-732408943,2026-09-29,SMZ-2424-CZ,1
ORD-195512976,2025-10-31,KFZ-3438-UO,5
ORD-313100495,2026-07-01,MZY-9033-DB,8
ORD-757519860,2026-04-26,WCV-3480-ZL,5
ORD-659248155,2026-06-27,TZE-7209-SJ,2
ORD-742101529,2026-09-18,TEW-6083-MX,8
ORD-865657951,2026-09-08,TUG-8815-OQ,4
ORD-231462533,2026-09-04,SMZ-2424-CZ,6
ORD-396433965,2026-05-06,BZG-3397-DG,6
ORD-315626852,2026-03-25,VAR-7973-TD,2
ORD-314681514,2026-07-02,HYP-6770-TJ,8
ORD-941098812,2025-12-30,UJL-8144-FB,9
ORD-974555288,2026-03-12,ATG-6478-FH,3
ORD-590541942,2025-11-09,UKF-2323-DR,6
ORD-773503567,2026-01-15,MZY-9033-DB,1
ORD-820036542,2025-11-23,XYZ-5564-JO,1
ORD-295869043,2025-11-02,GAG-3018-XA,1
ORD-352121382,2026-02-13,SQU-4445-RD,7
ORD-836287806,2026-04-03,QID-8246-VF,5
ORD-605113495,2026-07-08,KBB-8886-NE,4
ORD-435485993,2026-04-28,CYU-9231-WQ,9
ORD-788922323,2026-05-28,EAG-6934-KP,4
ORD-292582520,2026-01-16,TZE-7209-SJ,6
ORD-723354030,2026-08-27,TZE-7209-SJ,9
ORD-212962908,2026-03-03,THE-4063-OD,3
ORD-523477057,2025-10-28,TZI-9725-WZ,5
ORD-645624127,2026-02-04,ULC-5064-OU,5
ORD-722603324,2026-08-26,QBS-2485-VZ,6
ORD-458569269,2026-04-27,QPV-6283-PP,7
ORD-189191694,2026-07-15,YUJ-9932-TE,3
ORD-861649869,2026-01-04,DPS-6493-GH,9
ORD-664019521,2026-06-10,RTY-1001-BP,2
ORD-608711066,2026-04-05,DIV-1664-AI,5
ORD-274137889,2025-10-12,UKU-3036-VW,2
ORD-261188247,2026-03-01,GAG-3018-XA,4
ORD-852464713,2026-03-30,CYU-9231-WQ,7
ORD-432654691,2026-04-10,ACX-7534-WZ,1
ORD-488948288,2025-11-18,WMO-2671-XI,5
ORD-927253758,2025-10-07,AMV-7840-KA,1
ORD-552457665,2026-09-28,MYN-1663-IQ,2
ORD-555942300,2026-04-17,AOX-2295-KX,4
ORD-429384466,2026-09-17,DPS-6493-GH,2
ORD-494629243,2026-03-02,HXK-2031-GS,6
ORD-347718257,2026-01-18,ZSW-4559-NC,1
ORD-598730132,2026-05-08,WMO-2671-XI,3
ORD-204205014,2026-06-24,ZSW-4559-NC,9
ORD-811925576,2025-11-20,CVP-4807-RY,5
ORD-103519524,2026-02-17,ALL-3914-AH,8
ORD-299146536,2026-08-31,IWF-2641-PM,9
ORD-253991763,2026-04-20,QSI-6450-CP,5
ORD-996951725,2025-10-14,PIA-9520-VS,4
ORD-562064087,2026-05-10,EDT-8993-ES,1
ORD-513770439,2026-05-26,JRJ-3044-RK,6
ORD-696996363,2025-12-22,MZY-9033-DB,6
ORD-266728408,2026-03-02,TEW-6083-MX,1
ORD-991405019,2026-03-26,EEZ-4650-KQ,5
ORD-607960905,2026-09-27,RTY-1001-BP,5
ORD-927158607,2026-01-17,HXK-2031-GS,3
ORD-282092330,2026-05-02,JFQ-2161-JM,4
ORD-434232660,2026-08-31,KFZ-3438-UO,3
ORD-777152222,2026-02-08,HXK-2031-GS,9
ORD-649250767,2026-06-27,AKW-6214-KB,9
ORD-316235654,2026-03-20,THE-4063-OD,7
ORD-303763171,2026-08-23,JAE-3474-IK,5
ORD-731886071,2026-02-26,OLY-4120-OL,4
ORD-924569192,2026-03-09,ZRO-2494-CK,3
ORD-287049590,2026-07-13,BZG-3397-DG,8
ORD-354344491,2026-07-29,YUJ-9932-TE,7
ORD-875631954,2026-06-25,RSJ-8290-CT,8
ORD-429119462,2025-12-10,OKQ-3335-LO,2
ORD-600214490,2026-02-08,ULC-5064-OU,6
ORD-779811877,2026-02-08,UKF-2323-DR,1
ORD-664261679,2026-04-17,KFZ-3438-UO,8
ORD-977252672,2025-10-22,PLS-4578-QE,3
ORD-988854152,2026-07-20,PKX-5138-CL,2
ORD-505539320,2026-01-11,ZZD-5202-EU,3
ORD-401035095,2026-04-06,QBC-4687-EB,7
ORD-967308842,2026-02-13,JFQ-2161-JM,6
ORD-651747955,2025-12-02,RSJ-8290-CT,9
ORD-603825349,2026-07-11,JAE-3474-IK,8
ORD-169961219,2026-05-29,WBF-8296-CI,2
ORD-482208215,2026-07-07,IWF-2641-PM,3
ORD-704588391,2025-12-16,CVP-4807-RY,7
ORD-182372910,2026-05-31,GAG-3018-XA,7
ORD-673462630,2025-10-11,CKY-1584-BI,3
ORD-849102056,2026-09-17,WMO-2671-XI,2
ORD-841514685,2026-02-27,TEU-6306-DW,1
ORD-487585275,2025-11-03,ALL-3914-AH,3
ORD-189318764,2026-08-01,GAG-3018-XA,9
ORD-570659019,2026-09-26,MZY-9033-DB,2
ORD-278357635,2026-08-17,MYN-1663-IQ,4
ORD-421805312,2026-10-02,BMN-1138-NX,6
ORD-281371342,2026-08-27,WBF-8296-CI,1
ORD-712107597,2026-07-06,BZG-3397-DG,7
ORD-206192828,2025-11-16,YEX-1503-ZO,9
ORD-985021543,2026-04-14,ZRO-2494-CK,9
ORD-749929738,2026-04-18,OKQ-3335-LO,2
ORD-481936261,2025-12-29,VGT-2396-BC,5
ORD-651034627,2026-05-16,TZI-9725-WZ,3
ORD-506873267,2026-05-20,WEZ-8309-MF,8
ORD-259700226,2026-05-23,UKF-2323-DR,6
ORD-408658537,2026-01-25,ACX-7534-WZ,1
ORD-183157928,2025-12-29,MOB-2662-PY,2
ORD-560347677,2025-10-28,SIO-9071-VU,6
ORD-398802017,2026-02-04,JPC-4038-ZD,1
ORD-698232320,2026-01-07,PKX-5138-CL,6
ORD-639126177,2026-02-02,VYE-3450-BC,3
ORD-261805280,2026-06-14,JAE-3474-IK,3
ORD-551592430,2026-09-02,SIO-9071-VU,8
ORD-503903657,2025-11-30,MZY-9033-DB,6
ORD-644700179,2025-12-17,KBB-8886-NE,7
ORD-999009746,2026-09-27,WEZ-8309-MF,3
ORD-453305538,2026-07-24,GAG-3018-XA,9
ORD-630497042,2026-05-05,VYE-3450-BC,3
ORD-356824814,2026-09-09,JAE-3474-IK,4
ORD-114292319,2025-12-31,DPS-6493-GH,9
ORD-207096466,2025-10-09,CKY-1584-BI,8
ORD-721195244,2025-10-12,TAG-4030-WD,3
ORD-633497216,2026-07-04,WHL-3793-KN,6
ORD-673388936,2025-11-01,WVS-7789-BM,9
ORD-161134803,2026-06-25,TUG-8815-OQ,3
ORD-168181639,2025-12-19,NMZ-7286-BF,3
ORD-270399767,2026-05-24,WHB-9752-TV,9
ORD-738668172,2025-11-14,DXC-6409-PR,5
ORD-922151157,2026-05-17,TEW-6083-MX,4
ORD-764731266,2025-11-20,JAE-3474-IK,2
ORD-852972544,2026-05-17,EDT-8993-ES,2
ORD-271709030,2026-07-16,OKQ-3335-LO,3
ORD-651633396,2026-05-10,OLY-4120-OL,2
ORD-845124270,2026-01-04,QID-8246-VF,5
ORD-959406630,2026-04-22,UKF-2323-DR,4
ORD-884923281,2026-09-16,DXC-6409-PR,6
ORD-865311475,2026-09-16,IWF-2641-PM,5
ORD-632688570,2026-03-23,YFN-4144-LD,2
ORD-189375824,2025-11-26,VJL-8744-XN,2
ORD-352227437,2025-10-25,JAW-8357-TO,2
ORD-197525036,2026-03-08,SIO-9071-VU,6
ORD-611913406,2026-05-16,ULC-5064-OU,8
ORD-323747202,2026-06-18,TUG-8815-OQ,7
ORD-586456847,2026-08-04,RKL-1688-XW,8
ORD-800515101,2026-07-28,XNY-4376-JR,6
ORD-137742210,2026-02-25,ATG-6478-FH,1
ORD-954450462,2026-01-16,MOB-2662-PY,3
ORD-762772422,2026-02-21,WPN-1619-JK,5
ORD-212820194,2026-01-22,ATG-6478-FH,7
ORD-493355178,2026-08-27,XYZ-5564-JO,8
ORD-603814809,2026-01-04,FWV-4332-YB,7
ORD-414226070,2025-11-02,LMR-3124-JD,3
ORD-838581982,2026-04-20,DPS-6493-GH,5
ORD-263679653,2026-07-17,IWF-2641-PM,3
ORD-465356488,2026-01-04,KFZ-3438-UO,5
ORD-211320289,2026-01-21,DXC-6409-PR,1
ORD-734053534,2026-10-01,VGT-2396-BC,8
ORD-461956392,2025-10-25,BZG-3397-DG,1
ORD-149925926,2025-10-25,VYE-3450-BC,5
ORD-467922557,2025-10-24,JAE-3474-IK,9
ORD-158448124,2026-07-03,JAE-3474-IK,4
ORD-850640845,2026-02-25,VAR-7973-TD,6
ORD-653854425,2026-04-25,OKQ-3335-LO,9
ORD-157194828,2026-07-15,JAW-8357-TO,2
ORD-480093321,2026-03-17,RSJ-8290-CT,8
ORD-352396605,2026-02-07,RTY-1001-BP,7
ORD-894171576,2026-07-22,IWF-2641-PM,2
ORD-450432236,2026-07-29,QBS-2485-VZ,6
ORD-778601776,2026-03-19,ALL-3914-AH,4
ORD-770578558,2025-10-17,AMV-7840-KA,8
ORD-488992926,2026-03-01,WBF-8296-CI,8
ORD-108761761,2026-01-12,ATG-6478-FH,3
ORD-794893686,2026-01-30,CEN-5905-RN,7
ORD-435665351,2025-12-14,QBC-4687-EB,8
ORD-873096759,2026-09-23,QSI-6450-CP,1
ORD-853375945,2026-01-13,PIA-9520-VS,9
ORD-323382509,2025-10-08,UOU-8134-LR,3
ORD-423150337,2026-06-26,CVP-4807-RY,9
ORD-263822018,2026-04-26,MOB-2662-PY,6
ORD-332703801,2026-09-28,WCV-3480-ZL,1
ORD-242493314,2026-03-30,MYN-1663-IQ,9
ORD-100639661,2025-12-30,JAW-8357-TO,1
ORD-730161686,2026-06-04,TZE-7209-SJ,9
ORD-169661141,2026-02-03,YFN-4144-LD,2
ORD-439569000,2025-11-30,CEN-5905-RN,1
ORD-537398572,2026-05-06,UKF-2323-DR,9
ORD-790855259,2026-08-28,VJL-8744-XN,1
ORD-260355542,2026-04-22,KFZ-3438-UO,4
ORD-978415034,2026-01-14,ALL-3914-AH,6
ORD-482318473,2026-01-24,THE-4063-OD,4
ORD-454632506,2026-09-29,FWV-4332-YB,2
ORD-687143290,2025-10-21,SQU-4445-RD,5
ORD-868706109,2026-09-07,VJL-8744-XN,4
ORD-591721728,2026-03-16,PIA-9520-VS,3
ORD-126596835,2026-04-17,VGT-2396-BC,5
ORD-290188686,2026-07-22,QPV-6283-PP,8
ORD-567138259,2025-10-31,WHL-3793-KN,5
ORD-245999088,2026-07-18,WMO-2671-XI,4
ORD-759538381,2026-01-21,UJL-8144-FB,1
ORD-757825558,2026-06-25,WHB-9752-TV,8
ORD-318073865,2026-06-23,EEZ-4650-KQ,2
ORD-561676440,2026-04-16,WMO-2671-XI,6
ORD-102486566,2026-04-19,JAE-3474-IK,4
ORD-851485459,2026-08-29,KBB-8886-NE,5
ORD-869203954,2026-08-27,BZG-3397-DG,7
ORD-790587578,2026-03-19,WEZ-8309-MF,1
ORD-892934018,2026-05-15,JAW-8357-TO,1
ORD-725888434,2026-08-28,WBF-8296-CI,8
ORD-809474314,2026-09-04,BMN-1138-NX,6
ORD-430558812,2026-09-25,VGT-2396-BC,4
ORD-880617713,2026-05-15,ZRO-2494-CK,1
ORD-465021244,2025-12-22,AOX-2295-KX,7
ORD-632998899,2025-10-23,OKQ-3335-LO,1
ORD-426894554,2025-11-27,SMZ-2424-CZ,2
ORD-927306524,2025-11-14,CEN-5905-RN,6
ORD-822116213,2026-09-27,RSJ-8290-CT,2
ORD-687007794,2026-08-13,HYP-6770-TJ,4
ORD-943643868,2026-03-14,TUG-8815-OQ,5
ORD-110653649,2026-08-23,QBC-4687-EB,2
ORD-553055447,2026-09-02,YEX-1503-ZO,9
ORD-118846383,2026-03-04,JLN-1757-ET,3
ORD-343622684,2026-08-23,ACX-7534-WZ,6
ORD-210597742,2026-04-21,TEW-6083-MX,6
ORD-626766909,2026-02-03,MYN-1663-IQ,3
ORD-327484439,2026-01-23,PIA-9520-VS,6
ORD-639424873,2026-08-22,AMV-7840-KA,2
ORD-497923130,2025-10-10,QBS-2485-VZ,9
ORD-921740176,2026-09-12,CEN-5905-RN,2
ORD-911000364,2026-01-18,WHL-3793-KN,6
ORD-589121455,2025-10-10,RSJ-8290-CT,7
ORD-887119852,2025-12-06,OKQ-3335-LO,6
ORD-591733885,2026-03-29,BMN-1138-NX,5
ORD-293191378,2026-05-02,CEN-5905-RN,1
ORD-242745544,2026-02-19,JRJ-3044-RK,6
ORD-307964078,2026-07-17,UOU-8134-LR,3
ORD-789285920,2026-06-10,DIV-1664-AI,6
ORD-274852076,2026-05-07,KBB-8886-NE,3
ORD-383430270,2026-03-23,ALL-3914-AH,8
ORD-996551504,2026-09-21,CVP-4807-RY,3
ORD-549742691,2026-07-09,ALL-3914-AH,7
ORD-317642348,2025-11-07,UKU-3036-VW,3
ORD-974492024,2026-06-14,YFN-4144-LD,5
ORD-353178934,2026-08-31,ZMT-4826-ZA,3
ORD-116742974,2026-02-01,TEW-6083-MX,1
ORD-909469743,2026-04-25,EDT-8993-ES,9
ORD-697687999,2025-10-15,CYU-9231-WQ,9
ORD-991118047,2026-08-09,HYP-6770-TJ,4
ORD-877124561,2025-10-28,ZSW-4559-NC,8
ORD-874822795,2026-01-18,HXK-2031-GS,2
ORD-633476362,2026-05-03,ACX-7534-WZ,3
ORD-232432014,2026-04-15,WMO-2671-XI,8
ORD-927880839,2026-01-27,ACX-7534-WZ,7
ORD-875560889,2026-02-11,ZSW-4559-NC,5
ORD-506892264,2026-03-25,ZMT-4826-ZA,4
ORD-739654178,2026-08-27,UKU-3036-VW,7
ORD-510452768,2025-12-07,WHL-3793-KN,2
ORD-780758651,2025-10-11,WCV-3480-ZL,4
ORD-769535631,2026-04-18,DPS-6493-GH,4
ORD-842555836,2026-05-08,AQO-4304-DP,2
ORD-814657475,2026-09-23,FDW-2974-MM,5
ORD-980014031,2026-08-05,TEW-6083-MX,2
ORD-217180388,2026-03-06,WEZ-8309-MF,9
ORD-853580546,2026-08-21,CVP-4807-RY,1
ORD-929141323,2026-07-27,QSI-6450-CP,5
ORD-753790776,2026-02-04,AQO-4304-DP,6
ORD-258676490,2026-05-10,JFQ-2161-JM,3
ORD-850136294,2026-06-05,HXK-2031-GS,6
ORD-993684323,2026-05-10,ZZD-5202-EU,2
ORD-871520635,2025-12-01,AQO-4304-DP,4
ORD-435734465,2026-08-12,TEU-6306-DW,3
ORD-946830337,2026-06-08,UJL-8144-FB,9
ORD-468335748,2025-10-24,MZJ-2991-QZ,7
ORD-527901327,2026-06-04,MZJ-2991-QZ,5
ORD-941370139,2026-07-07,UJL-8144-FB,8
ORD-448869335,2026-08-15,ATG-6478-FH,4
ORD-712078544,2025-12-09,VJL-8744-XN,9
ORD-105618767,2026-02-15,AVQ-2602-GD,9
ORD-761941097,2025-12-13,TUG-8815-OQ,7
ORD-279842283,2025-12-01,CEN-5905-RN,7
ORD-983381155,2026-02-16,DIV-1664-AI,2
ORD-562047020,2025-12-16,ZZD-5202-EU,7
ORD-610792567,2026-05-07,UKU-3036-VW,8
ORD-948371249,2026-09-16,JFQ-2161-JM,7
ORD-598196869,2026-07-25,BMA-2606-MR,1
ORD-707469953,2026-04-29,UKU-3036-VW,8
ORD-463207118,2026-04-27,WMO-2671-XI,6
ORD-397820228,2025-11-07,GTS-2961-MC,6
ORD-209743243,2026-05-29,IWF-2641-PM,6
ORD-244210707,2026-02-26,QID-8246-VF,1
ORD-587431583,2026-10-05,IWF-2641-PM,4
ORD-993435834,2026-06-16,THE-4063-OD,4
ORD-658600146,2025-12-04,RKL-1688-XW,3
ORD-591997169,2026-01-05,VYE-3450-BC,6
ORD-305763088,2026-04-19,SQJ-6851-MV,8
ORD-503932519,2025-10-23,DXC-6409-PR,2
ORD-999909265,2025-12-31,JAW-8357-TO,1
ORD-293415809,2026-03-20,MZY-9033-DB,9
ORD-525015576,2025-10-08,QID-8246-VF,4
ORD-262904844,2026-01-11,JAE-3474-IK,3
ORD-168314353,2026-06-11,DWM-4266-IL,2
ORD-808513317,2026-08-17,WVS-7789-BM,5
ORD-789568902,2026-01-02,WEZ-8309-MF,7
ORD-830544299,2025-12-06,IWF-2641-PM,5
ORD-988553364,2026-01-10,TEW-6083-MX,1
ORD-733317635,2026-04-09,KBB-8886-NE,2
ORD-131218551,2026-08-24,JPC-4038-ZD,6
ORD-786666296,2026-04-08,KFZ-3438-UO,1
ORD-743477814,2026-07-15,ALL-3914-AH,6
ORD-810731109,2026-09-03,DIV-1664-AI,4
ORD-428634741,2026-09-05,KBB-8886-NE,3
ORD-114469549,2026-09-14,SQJ-6851-MV,4
ORD-996917493,2026-08-30,QPV-6283-PP,3
ORD-472613347,2026-04-29,DXC-6409-PR,2
ORD-306968813,2026-09-12,THE-4063-OD,1
ORD-965959938,2026-08-22,JAE-3474-IK,9
ORD-510152852,2026-01-22,YUJ-9932-TE,1
ORD-852754090,2026-05-22,XNY-4376-JR,2
ORD-227015384,2026-05-04,TZI-9725-WZ,1
ORD-581234760,2026-01-03,IWF-2641-PM,8
ORD-359265935,2025-10-30,QID-8246-VF,2
ORD-564059651,2026-03-27,YFN-4144-LD,8
ORD-853599946,2026-08-17,YEX-1503-ZO,7
ORD-412128551,2026-01-09,SQJ-6851-MV,4
ORD-405871041,2026-07-25,YEX-1503-ZO,6
ORD-575059755,2026-01-12,WHL-3793-KN,7
ORD-990527803,2026-09-19,JFG-4059-BT,5
ORD-155576186,2026-04-12,BMA-2606-MR,1
ORD-503164642,2026-07-01,VGT-2396-BC,8
ORD-325734342,2026-02-15,OKQ-3335-LO,5
ORD-123353085,2026-09-23,OKQ-3335-LO,6
ORD-160263258,2026-04-04,VJL-8744-XN,1
ORD-170369808,2026-06-17,QIQ-4858-GV,6
ORD-824405282,2026-07-11,MYN-1663-IQ,1
ORD-532387525,2026-07-31,WPN-1619-JK,5
ORD-773825140,2025-12-27,ZMT-4826-ZA,6
ORD-107943156,2026-09-01,BMA-2606-MR,1
ORD-172363267,2026-03-07,QIQ-4858-GV,9
ORD-299115698,2026-05-01,ALL-3914-AH,3
ORD-577117469,2026-03-15,TEU-6306-DW,2
ORD-613785054,2026-08-27,DRP-8766-KZ,5
ORD-553093529,2026-04-19,BMN-1138-NX,8
ORD-452231246,2026-04-23,CKY-1584-BI,8
ORD-687767177,2026-06-01,SMZ-2424-CZ,9
ORD-494993996,2026-03-15,UKU-3036-VW,3
ORD-754524452,2026-02-28,WCV-3480-ZL,2
ORD-343871904,2026-10-01,BZG-3397-DG,9
ORD-380850541,2026-05-01,EAG-6934-KP,6
ORD-209373624,2026-07-03,TEW-6083-MX,8
ORD-216101729,2026-08-26,AMV-7840-KA,4
ORD-411405878,2025-12-05,DPS-6493-GH,1
ORD-143825224,2026-02-05,TEU-6306-DW,4
ORD-230048797,2026-06-13,ZSW-4559-NC,4
ORD-712028805,2026-03-01,MYN-1663-IQ,1
ORD-476805518,2026-09-12,ZSW-4559-NC,9
ORD-954595971,2025-10-17,DWM-4266-IL,4
ORD-884756794,2025-10-16,HYP-6770-TJ,2
ORD-226026617,2025-10-23,JFQ-2161-JM,5
ORD-196396656,2026-02-25,TZI-9725-WZ,4
ORD-537446729,2026-02-06,FDW-2974-MM,5
ORD-996681252,2025-12-20,TEW-6083-MX,7
ORD-232162760,2026-07-24,ENS-7914-CD,9
ORD-418868317,2026-08-06,JRJ-3044-RK,8
ORD-446454092,2026-08-09,CYU-9231-WQ,6
ORD-965780961,2025-12-25,WBF-8296-CI,2
ORD-128298008,2026-07-31,CKY-1584-BI,9
ORD-256628734,2026-04-08,VJL-8744-XN,8
ORD-271777170,2026-02-19,FDW-2974-MM,9
ORD-366987033,2026-02-12,OKQ-3335-LO,2
ORD-490206955,2026-07-21,ENS-7914-CD,6
ORD-972055740,2025-11-25,BZZ-7801-GR,4
ORD-864568195,2026-02-06,SQJ-6851-MV,2
ORD-552941057,2026-08-22,WPN-1619-JK,1
ORD-300371849,2026-09-16,QPV-6283-PP,3
ORD-165848453,2026-07-07,UKF-2323-DR,1
ORD-363450067,2026-03-17,ZRO-2494-CK,9
ORD-480952721,2026-02-20,MZJ-2991-QZ,3
ORD-899797681,2026-09-04,AVQ-2602-GD,1
ORD-614610916,2026-07-08,CKY-1584-BI,4
ORD-954264895,2026-09-10,WPN-1619-JK,1
ORD-638369864,2026-06-10,MYN-1663-IQ,6
ORD-910796430,2026-01-17,UJL-8144-FB,1
ORD-742392654,2025-12-12,RKL-1688-XW,5
ORD-271927781,2026-09-29,QPV-6283-PP,8
ORD-193992511,2026-03-01,FWV-4332-YB,6
ORD-584320418,2026-04-28,WVS-7789-BM,6
ORD-514227575,2026-10-03,DIV-1664-AI,9
ORD-360945195,2025-10-28,ZZD-5202-EU,6
ORD-598897646,2026-08-08,DPS-6493-GH,9
ORD-424681082,2026-10-02,PIA-9520-VS,5
ORD-597426245,2026-04-29,MZJ-2991-QZ,5
ORD-939702534,2026-01-09,TEW-6083-MX,6
ORD-959286769,2025-10-15,XNY-4376-JR,6
ORD-640147757,2026-07-24,UJL-8144-FB,6
ORD-672099035,2026-04-06,YEX-1503-ZO,8
ORD-455724273,2026-07-08,SQJ-6851-MV,1
ORD-151552883,2025-12-26,YFN-4144-LD,7
ORD-221753867,2025-11-12,QID-8246-VF,6
ORD-372198658,2025-11-10,RSJ-8290-CT,1
ORD-505912774,2026-03-10,OLY-4120-OL,4
ORD-228590192,2025-10-22,MZJ-2991-QZ,1
ORD-169736569,2025-10-11,HYP-6770-TJ,2
ORD-763624013,2025-11-14,VJL-8744-XN,8
ORD-546522857,2025-12-21,QBC-4687-EB,9
ORD-443850041,2025-10-24,FWV-4332-YB,5
ORD-142073207,2025-10-18,TZI-9725-WZ,8
ORD-922625911,2026-06-27,ENS-7914-CD,6
ORD-632960517,2026-08-14,LDE-5561-AB,1
ORD-873563296,2026-10-06,XYZ-5564-JO,5
ORD-579682446,2026-02-15,WMO-2671-XI,4
ORD-587334091,2026-09-07,NMZ-7286-BF,1
ORD-845629315,2025-11-05,BMN-1138-NX,9
ORD-834494454,2025-12-12,MYN-1663-IQ,2
ORD-183189399,2026-05-06,WCV-3480-ZL,4
ORD-803323271,2026-04-28,CKY-1584-BI,1
ORD-740380752,2025-11-12,JAW-8357-TO,4
ORD-940701456,2025-11-06,BZG-3397-DG,3
ORD-663155162,2026-02-11,QBC-4687-EB,5
ORD-488685077,2025-10-10,OKQ-3335-LO,1
ORD-150060782,2025-11-01,OLY-4120-OL,4
ORD-917283163,2025-11-12,UJL-8144-FB,3
ORD-684812981,2026-06-24,YFN-4144-LD,7
ORD-255313673,2025-12-20,JFG-4059-BT,2
ORD-643575771,2025-11-19,QID-8246-VF,2
ORD-697214669,2026-09-09,PIA-9520-VS,5
ORD-470551682,2025-10-26,TEU-6306-DW,9
ORD-600066972,2025-12-30,MZY-9033-DB,9
ORD-978789447,2026-03-17,JAW-8357-TO,3
ORD-337705080,2026-06-24,VGT-2396-BC,1
ORD-816679704,2026-08-20,EDT-8993-ES,8
ORD-809862678,2025-12-03,XNY-4376-JR,6
ORD-996033012,2025-12-20,JPC-4038-ZD,3
ORD-176528188,2026-05-25,KFZ-3438-UO,6
ORD-919806394,2026-09-20,YFN-4144-LD,4
ORD-904440415,2026-01-05,TZE-7209-SJ,1
ORD-843691096,2026-05-19,MYN-1663-IQ,2
ORD-724186194,2025-12-04,EDT-8993-ES,7
ORD-291945544,2026-03-20,UJL-8144-FB,2
ORD-264597955,2026-08-04,CYU-9231-WQ,5
ORD-232884293,2025-11-14,VJL-8744-XN,8
ORD-614777240,2026-05-27,MOB-2662-PY,2
ORD-129536266,2026-06-20,AKW-6214-KB,3
ORD-297023721,2026-07-26,AQO-4304-DP,8
ORD-855827633,2026-05-10,ATG-6478-FH,3
ORD-737745753,2026-05-09,LDE-5561-AB,6
ORD-779707818,2025-11-22,THE-4063-OD,4
ORD-668927558,2026-07-09,CVP-4807-RY,9
ORD-311218652,2025-10-29,VJL-8744-XN,9
ORD-279974551,2025-10-23,XYZ-5564-JO,8
ORD-427167586,2025-12-25,WHB-9752-TV,5
ORD-527987831,2025-11-07,UKF-2323-DR,5
ORD-503397640,2026-03-29,JFG-4059-BT,1
ORD-184997196,2026-04-30,PIA-9520-VS,6
ORD-156962898,2026-03-13,ALL-3914-AH,9
ORD-908129041,2025-12-13,AOX-2295-KX,1
ORD-131923551,2026-06-17,RTY-1001-BP,1
ORD-555939998,2026-05-24,ZSW-4559-NC,4
ORD-316407569,2026-09-18,GTS-2961-MC,2
ORD-500495558,2026-01-02,LDE-5561-AB,9
ORD-854432871,2026-07-31,TZI-9725-WZ,1
ORD-221798161,2026-08-28,TZI-9725-WZ,7
ORD-679952366,2026-07-15,MZY-9033-DB,1
ORD-737322404,2026-01-20,CYU-9231-WQ,5
ORD-763804962,2026-01-03,TEU-6306-DW,6
ORD-323988363,2025-10-13,GTS-2961-MC,4
ORD-341411959,2026-08-09,RKL-1688-XW,5
ORD-763983109,2026-05-11,OLY-4120-OL,7
ORD-106875104,2026-05-29,SIO-9071-VU,6
ORD-873908974,2026-05-05,ZSW-4559-NC,3
ORD-302358578,2026-01-12,IWF-2641-PM,3
ORD-401970551,2026-01-15,WVS-7789-BM,6
ORD-895715383,2026-06-04,WCV-3480-ZL,5
ORD-732507010,2026-05-29,RSJ-8290-CT,8
ORD-982000712,2025-10-16,JAW-8357-TO,8
ORD-921177185,2026-09-03,VAR-7973-TD,3
ORD-499324957,2026-04-29,XNY-4376-JR,3
ORD-143891651,2026-03-06,NMZ-7286-BF,5
ORD-671601160,2025-12-08,VGT-2396-BC,5
ORD-294009651,2026-01-28,YUJ-9932-TE,9
ORD-932056299,2026-02-09,SIO-9071-VU,4
ORD-804655805,2026-01-26,UOU-8134-LR,4
ORD-581635780,2026-04-07,TUG-8815-OQ,6
ORD-386498770,2026-02-24,WMO-2671-XI,4
ORD-232852008,2025-10-15,ALL-3914-AH,3
ORD-208693842,2026-04-07,JRJ-3044-RK,8
ORD-675791149,2026-04-03,WMO-2671-XI,2
ORD-397795239,2026-09-25,WHB-9752-TV,5
ORD-670701393,2025-11-19,AVQ-2602-GD,2
ORD-269721377,2026-09-04,CEN-5905-RN,8
ORD-978155169,2026-07-19,GTS-2961-MC,6
ORD-132805341,2026-02-04,VGT-2396-BC,4
ORD-620463469,2026-09-14,WBF-8296-CI,9
ORD-634787281,2025-12-07,HYP-6770-TJ,1
ORD-112709468,2025-10-15,OLY-4120-OL,4
ORD-164838370,2026-01-05,QBS-2485-VZ,5
ORD-899253044,2026-03-21,GAG-3018-XA,4
ORD-495935656,2026-09-29,YFN-4144-LD,8
ORD-113323778,2026-07-18,PLS-4578-QE,9
ORD-893281250,2025-12-29,BZG-3397-DG,1
ORD-723764323,2026-05-13,CYU-9231-WQ,3
ORD-795968666,2026-04-21,DWM-4266-IL,5
ORD-245422652,2026-07-01,RSJ-8290-CT,7
ORD-733214208,2026-06-01,AKW-6214-KB,9
ORD-507044783,2026-10-05,RSJ-8290-CT,8
ORD-340108192,2026-07-01,VAR-7973-TD,1
ORD-740056919,2026-02-18,ZMT-4826-ZA,2
ORD-897004541,2026-02-20,AQO-4304-DP,1
ORD-593392638,2026-04-28,RSJ-8290-CT,7
ORD-815023206,2025-10-21,BZZ-7801-GR,2
ORD-514145731,2026-03-13,DIV-1664-AI,7
ORD-138132132,2026-08-05,YUJ-9932-TE,3
ORD-568868943,2025-11-06,JRJ-3044-RK,8
ORD-149580777,2026-08-13,AQO-4304-DP,6
ORD-760917860,2025-10-23,BZZ-7801-GR,4
ORD-259188775,2025-12-30,MOB-2662-PY,1
ORD-709496464,2025-10-07,PLS-4578-QE,1
ORD-443671467,2025-10-14,TZE-7209-SJ,7
ORD-570895659,2026-10-06,AQO-4304-DP,6
ORD-855307005,2026-01-14,UJL-8144-FB,5
ORD-396031691,2026-04-13,LDE-5561-AB,9
ORD-969240019,2025-12-19,AVQ-2602-GD,2
ORD-224674468,2025-12-29,DIV-1664-AI,4
ORD-779305204,2025-10-18,JAW-8357-TO,6
ORD-159177723,2026-02-26,UOU-8134-LR,8
ORD-403009475,2025-12-31,ENS-7914-CD,4
ORD-283418269,2026-07-28,MYN-1663-IQ,7
ORD-283919337,2026-04-01,TEU-6306-DW,6
ORD-507401219,2026-06-09,TZI-9725-WZ,9
ORD-148868826,2026-01-15,QPV-6283-PP,1
ORD-329525641,2026-07-19,VAR-7973-TD,1
ORD-483587985,2026-01-21,WCV-3480-ZL,5
ORD-961802651,2025-12-29,FWV-4332-YB,7
ORD-428780406,2026-07-05,XYZ-5564-JO,1
ORD-641375232,2026-04-09,PLS-4578-QE,8
ORD-282024710,2025-11-23,WHB-9752-TV,7
ORD-657958589,2026-03-06,ENS-7914-CD,7
ORD-287115372,2026-05-23,CKY-1584-BI,7
ORD-921148236,2025-10-30,JAW-8357-TO,3
ORD-228299746,2025-10-26,QPV-6283-PP,7
ORD-670992615,2026-01-29,WMO-2671-XI,7
ORD-930335186,2026-04-01,CVP-4807-RY,4
ORD-211536628,2026-07-14,CKY-1584-BI,8
ORD-274246764,2026-02-28,SQJ-6851-MV,8
ORD-454837506,2026-02-22,JAW-8357-TO,4
ORD-718600929,2026-04-17,YFN-4144-LD,7
ORD-717884244,2026-09-12,XYZ-5564-JO,6
ORD-689708868,2026-05-31,ZSW-4559-NC,9
ORD-110449463,2025-10-07,TAG-4030-WD,2
ORD-181296168,2026-09-29,TUG-8815-OQ,9
ORD-919365785,2025-12-24,WHB-9752-TV,4
ORD-479162314,2026-06-22,QBS-2485-VZ,7
ORD-620223651,2026-02-05,EAG-6934-KP,6
ORD-161897219,2026-05-23,VYE-3450-BC,3
ORD-508572289,2026-02-23,QID-8246-VF,1
ORD-212240899,2025-12-03,AVQ-2602-GD,9
ORD-494445114,2025-10-16,OKQ-3335-LO,3
ORD-332437995,2026-01-17,AMV-7840-KA,6
ORD-472011532,2026-01-18,CVP-4807-RY,3
ORD-205427651,2026-03-18,DPS-6493-GH,4
ORD-297356689,2026-01-15,ZMT-4826-ZA,6
ORD-509445261,2026-04-12,ACX-7534-WZ,5
ORD-249642624,2025-11-13,SIO-9071-VU,6
ORD-410113477,2026-08-13,JLN-1757-ET,7
ORD-374145435,2026-02-25,ATG-6478-FH,7
ORD-769012040,2025-12-18,VJL-8744-XN,1
ORD-356522242,2025-11-10,BMA-2606-MR,4
ORD-317371288,2026-09-09,PIA-9520-VS,4
ORD-466118443,2025-11-26,RSJ-8290-CT,9
ORD-331030833,2025-10-20,VJL-8744-XN,7
ORD-139169225,2025-10-18,QID-8246-VF,2
ORD-881791734,2026-09-18,RTY-1001-BP,6
ORD-526915177,2026-04-06,ZZD-5202-EU,9
ORD-744564459,2026-04-15,FDW-2974-MM,4
ORD-559943158,2026-01-20,OKQ-3335-LO,4
ORD-126021348,2026-01-14,CVP-4807-RY,4
ORD-866568188,2025-10-18,MZJ-2991-QZ,1
ORD-904023758,2026-08-16,XYZ-5564-JO,1
ORD-123318877,2025-11-10,ALL-3914-AH,8
ORD-265132650,2026-01-13,HYP-6770-TJ,7
ORD-641004861,2026-06-14,PIA-9520-VS,2
ORD-408597845,2026-07-12,AVQ-2602-GD,5
ORD-731664631,2026-08-04,MYN-1663-IQ,9
ORD-176298482,2026-08-05,VJL-8744-XN,7
ORD-524779309,2026-06-07,UKF-2323-DR,8
ORD-242918375,2026-05-07,ZRO-2494-CK,1
ORD-157374389,2026-03-09,QID-8246-VF,7
ORD-766924003,2026-03-16,MZY-9033-DB,1
ORD-953740495,2026-10-06,QID-8246-VF,1
ORD-655353704,2026-07-05,KFZ-3438-UO,5
ORD-660591410,2026-01-16,JAE-3474-IK,2
ORD-614535688,2026-07-20,QBS-2485-VZ,8
ORD-387011491,2026-01-10,DRP-8766-KZ,5
ORD-164859987,2026-02-13,KBB-8886-NE,5
ORD-647489864,2026-01-15,WBF-8296-CI,8
ORD-258898201,2025-10-31,MOB-2662-PY,2
ORD-296745591,2026-03-29,TEW-6083-MX,7
ORD-394208178,2026-01-14,JFQ-2161-JM,7
ORD-193273991,2025-11-02,KBB-8886-NE,8
ORD-422545571,2026-08-07,IWF-2641-PM,9
ORD-312275335,2026-09-26,MOB-2662-PY,9
ORD-296247130,2025-12-22,LMR-3124-JD,1
ORD-334322266,2026-08-03,XYZ-5564-JO,1
ORD-964960905,2026-09-24,QIQ-4858-GV,9
ORD-873494393,2025-10-13,AMV-7840-KA,8
ORD-573431057,2026-09-20,JAW-8357-TO,7
ORD-840488824,2026-07-29,RTY-1001-BP,4
ORD-403464051,2026-01-14,QBS-2485-VZ,3
ORD-413431472,2026-01-25,AQO-4304-DP,2
ORD-253398037,2026-02-26,VYE-3450-BC,8
ORD-285435670,2026-04-10,JFG-4059-BT,1
ORD-710741428,2026-02-13,VJL-8744-XN,8
ORD-666047735,2026-10-02,UKU-3036-VW,9
ORD-808148824,2026-01-08,MOB-2662-PY,3
ORD-436429475,2026-04-28,UKF-2323-DR,4
ORD-844241168,2026-05-02,UKF-2323-DR,5
ORD-885147355,2025-12-06,DIV-1664-AI,5
ORD-592666656,2026-08-28,QSI-6450-CP,9
ORD-189017051,2026-02-02,MZJ-2991-QZ,4
ORD-853997724,2026-07-09,YUJ-9932-TE,4
ORD-908919281,2026-04-25,XYZ-5564-JO,1
ORD-699399782,2026-08-03,JAW-8357-TO,5
ORD-725672246,2026-07-19,YUJ-9932-TE,9
ORD-604225243,2026-09-18,JRJ-3044-RK,1
ORD-762408862,2025-11-29,UKF-2323-DR,3
ORD-960680718,2026-03-04,YEX-1503-ZO,2
ORD-465652398,2026-07-14,AVQ-2602-GD,6
ORD-862713646,2026-09-17,WMO-2671-XI,1
ORD-422368886,2026-04-01,BZZ-7801-GR,7
ORD-960601946,2026-06-21,JFG-4059-BT,5
ORD-764278379,2026-09-12,HXK-2031-GS,5
ORD-184923869,2025-12-15,UKU-3036-VW,1
ORD-340005209,2025-12-28,WPN-1619-JK,5
ORD-989962698,2026-03-06,BZG-3397-DG,1
ORD-437976732,2026-04-28,CEN-5905-RN,3
ORD-732934635,2025-10-23,GTS-2961-MC,6
ORD-478346777,2026-08-06,QIQ-4858-GV,9
ORD-638238017,2025-11-10,SIO-9071-VU,4
ORD-251323624,2025-11-20,WBF-8296-CI,3
ORD-669785110,2026-02-20,EEZ-4650-KQ,7
ORD-352858227,2025-11-25,LMR-3124-JD,5
ORD-787992966,2026-01-12,NMZ-7286-BF,9
ORD-214960827,2025-11-19,DRP-8766-KZ,3
ORD-271831431,2026-03-10,DWM-4266-IL,4
ORD-455960469,2026-03-20,YEX-1503-ZO,6
ORD-435705268,2026-02-27,CEN-5905-RN,3
ORD-771583107,2026-01-07,ZSW-4559-NC,1
ORD-189244565,2026-04-21,TEU-6306-DW,8
ORD-232293459,2026-03-18,SQU-4445-RD,8
ORD-719978641,2026-02-18,GTS-2961-MC,5
ORD-534195733,2025-11-21,XYZ-5564-JO,5
ORD-542943339,2025-10-29,QID-8246-VF,3
ORD-979492116,2026-05-29,JAE-3474-IK,3
ORD-877139936,2026-02-03,QBS-2485-VZ,5
ORD-648817016,2025-11-05,VYE-3450-BC,3
ORD-226927427,2026-06-15,ACX-7534-WZ,7
ORD-217215506,2026-09-16,SIO-9071-VU,2
ORD-642342188,2026-08-03,UOU-8134-LR,4
ORD-751363369,2026-02-17,LMR-3124-JD,6
ORD-304225297,2026-07-23,RKL-1688-XW,5
ORD-814449520,2026-05-02,BMA-2606-MR,1
ORD-642654861,2026-03-29,OKQ-3335-LO,9
ORD-824855347,2025-12-12,LMR-3124-JD,6
ORD-690841673,2026-07-14,LDE-5561-AB,6
ORD-533877859,2026-08-03,QIQ-4858-GV,1
ORD-778178566,2026-02-05,VGT-2396-BC,9
ORD-270036602,2026-09-19,NMZ-7286-BF,2
ORD-222822695,2026-01-07,UKU-3036-VW,5
ORD-660476519,2026-04-11,TZI-9725-WZ,4
ORD-306822904,2025-12-03,HXK-2031-GS,6
ORD-934775106,2025-11-05,ZMT-4826-ZA,6
ORD-886809537,2026-04-28,RTY-1001-BP,3
ORD-451168435,2025-12-09,ENS-7914-CD,4
ORD-319046635,2025-11-05,VAR-7973-TD,7
ORD-858982625,2026-08-05,GTS-2961-MC,1
ORD-837760889,2026-09-14,SQU-4445-RD,8
ORD-910127862,2026-06-14,ATG-6478-FH,3
ORD-883606450,2026-07-25,FDW-2974-MM,9
ORD-504693495,2025-11-21,TEW-6083-MX,9
ORD-595687958,2026-04-19,UKU-3036-VW,8
ORD-872265469,2026-02-01,JPC-4038-ZD,4
ORD-817032203,2026-09-24,GTS-2961-MC,3
ORD-703368103,2026-01-03,RSJ-8290-CT,5
ORD-927705226,2026-09-24,KFZ-3438-UO,6
ORD-827175493,2026-01-07,QIQ-4858-GV,1
ORD-231534039,2025-12-31,JRJ-3044-RK,5
ORD-742409435,2026-09-14,ZMT-4826-ZA,6
ORD-462973365,2026-06-27,VGT-2396-BC,4
ORD-986523130,2026-09-07,BZG-3397-DG,6
ORD-285045804,2026-05-22,QBS-2485-VZ,4
ORD-773054999,2025-10-09,MZJ-2991-QZ,4
ORD-725991913,2026-08-05,VGT-2396-BC,4
ORD-639147892,2026-01-22,LDE-5561-AB,3
ORD-649722648,2026-03-16,OLY-4120-OL,4
ORD-492272647,2025-10-23,TEU-6306-DW,9
ORD-378436754,2025-12-10,TEW-6083-MX,6
ORD-403930316,2026-08-03,VJL-8744-XN,2
ORD-168015105,2026-01-19,YEX-1503-ZO,2
ORD-902084590,2026-08-29,THE-4063-OD,6
ORD-826402001,2026-06-13,DXC-6409-PR,8
ORD-155746699,2026-03-27,ZZD-5202-EU,9
ORD-383896068,2025-11-23,HYP-6770-TJ,1
ORD-562116321,2026-03-08,HYP-6770-TJ,5
ORD-691314506,2026-08-01,WVS-7789-BM,2
ORD-715725590,2026-06-24,VAR-7973-TD,9
ORD-270138547,2026-03-26,ATG-6478-FH,1
ORD-821562571,2026-03-07,WHL-3793-KN,1
ORD-153108505,2025-12-14,DRP-8766-KZ,3
ORD-454278073,2026-04-08,BMN-1138-NX,4
ORD-558065820,2025-12-26,WMO-2671-XI,4
ORD-434540384,2026-03-27,GAG-3018-XA,1
ORD-616298534,2025-10-23,EAG-6934-KP,7
ORD-551379414,2026-09-27,VYE-3450-BC,9
ORD-947383098,2026-08-15,ACX-7534-WZ,1
ORD-975079943,2026-03-11,ZRO-2494-CK,9
ORD-747802941,2026-08-27,JFQ-2161-JM,8
ORD-444626135,2025-11-21,TZE-7209-SJ,1
ORD-197539300,2025-11-25,OLY-4120-OL,6
ORD-262479394,2026-05-20,TEW-6083-MX,8
ORD-177297733,2026-02-15,VJL-8744-XN,1
ORD-576810753,2026-02-24,QBC-4687-EB,8
ORD-986095074,2025-12-16,YFN-4144-LD,4
ORD-289917339,2025-10-20,DPS-6493-GH,3
ORD-395166513,2025-10-22,VYE-3450-BC,3
ORD-778691374,2025-10-16,AOX-2295-KX,9
ORD-946346365,2026-01-23,BZG-3397-DG,8
ORD-434468220,2026-04-22,BZG-3397-DG,2
ORD-897686353,2026-02-08,EDT-8993-ES,8
ORD-665876166,2026-07-10,MZY-9033-DB,9
ORD-906325973,2026-08-22,WHL-3793-KN,3
ORD-343871781,2026-04-06,OKQ-3335-LO,7
ORD-202685439,2026-08-07,QID-8246-VF,3
ORD-674304757,2026-02-26,TEU-6306-DW,3
ORD-984916995,2026-06-19,PIA-9520-VS,8
ORD-184276546,2026-09-11,NMZ-7286-BF,5
ORD-335770701,2025-10-06,VGT-2396-BC,5
ORD-205568903,2025-11-22,GTS-2961-MC,3
ORD-867674260,2025-11-02,XNY-4376-JR,5
ORD-931073697,2026-01-27,UKF-2323-DR,7
ORD-317689743,2025-10-19,OLY-4120-OL,3
ORD-504664274,2025-12-31,PKX-5138-CL,2
ORD-170648966,2026-07-13,JFQ-2161-JM,2
ORD-611664597,2026-07-05,VGT-2396-BC,7
ORD-866001605,2026-10-02,UJL-8144-FB,2
ORD-927154563,2026-03-22,AVQ-2602-GD,9
ORD-116969088,2025-10-07,SQJ-6851-MV,9
ORD-458710467,2025-10-17,JAE-3474-IK,8
ORD-324493406,2026-09-16,DWM-4266-IL,4
ORD-606884514,2026-09-20,BZZ-7801-GR,2
ORD-893053727,2026-08-28,RSJ-8290-CT,1
ORD-289774855,2026-04-09,YFN-4144-LD,4
ORD-713555109,2026-08-29,DPS-6493-GH,2
ORD-194266434,2026-04-19,AQO-4304-DP,3
ORD-207214351,2026-06-10,VJL-8744-XN,6
ORD-683880133,2026-05-30,DRP-8766-KZ,7
ORD-863051993,2026-04-20,TZI-9725-WZ,2
ORD-986544711,2026-08-03,YFN-4144-LD,1
ORD-287583353,2026-03-16,NMZ-7286-BF,2
ORD-920994948,2026-01-31,WHL-3793-KN,6
ORD-807207470,2026-07-15,WEZ-8309-MF,5
ORD-868997044,2026-01-22,ATG-6478-FH,2
ORD-421459089,2026-05-17,JAW-8357-TO,1
ORD-780740861,2026-04-01,WBF-8296-CI,1
ORD-274246316,2026-03-09,ALL-3914-AH,6
ORD-298931227,2026-02-08,XNY-4376-JR,8
ORD-163217796,2026-07-21,RTY-1001-BP,6
ORD-174029023,2025-12-12,QPV-6283-PP,1
ORD-997187652,2026-09-04,WBF-8296-CI,6
ORD-851356682,2026-01-02,XNY-4376-JR,9
ORD-390240659,2026-03-31,LDE-5561-AB,6
ORD-134832384,2026-06-02,GAG-3018-XA,1
ORD-692665603,2025-12-15,OKQ-3335-LO,5
ORD-436453508,2026-02-06,JRJ-3044-RK,4
ORD-819656345,2025-10-07,LMR-3124-JD,4
ORD-878875773,2026-05-04,WPN-1619-JK,1
ORD-565748991,2026-02-01,NMZ-7286-BF,4
ORD-790344224,2025-11-04,QID-8246-VF,2
ORD-803381224,2026-04-29,AVQ-2602-GD,3
ORD-684483312,2025-12-19,UJL-8144-FB,2
ORD-941503000,2026-07-26,KBB-8886-NE,5
ORD-603569548,2025-11-21,EDT-8993-ES,1
ORD-197442722,2026-03-24,WBF-8296-CI,3
ORD-645662638,2026-03-31,WBF-8296-CI,7
ORD-964399876,2026-06-15,ENS-7914-CD,4
ORD-643755441,2026-02-28,UOU-8134-LR,9
ORD-996917809,2026-06-20,LMR-3124-JD,3
ORD-115281226,2026-02-22,BMN-1138-NX,3
ORD-347778714,2026-08-25,AVQ-2602-GD,9
ORD-908175547,2026-06-14,VJL-8744-XN,2
ORD-411658511,2026-09-18,PIA-9520-VS,2
ORD-393214632,2025-10-16,QBS-2485-VZ,5
ORD-706167040,2026-05-15,YFN-4144-LD,7
ORD-286745395,2025-10-27,DQH-3679-CN,4
ORD-722904822,2026-06-10,HYP-6770-TJ,5
ORD-151225885,2026-08-19,ACX-7534-WZ,6
ORD-493880945,2025-11-23,AMV-7840-KA,3
ORD-315722663,2026-07-20,AVQ-2602-GD,5
ORD-590635499,2026-07-02,WEZ-8309-MF,7
ORD-876343297,2026-03-05,FWV-4332-YB,9
ORD-501232626,2025-10-27,ALL-3914-AH,2
ORD-222504835,2026-02-14,CVP-4807-RY,4
ORD-806268142,2026-04-06,QBS-2485-VZ,2
ORD-171185060,2026-07-06,YEX-1503-ZO,4
ORD-845617841,2026-02-08,JFG-4059-BT,9
ORD-246760382,2026-01-14,JFG-4059-BT,8
ORD-495994209,2025-10-11,WEZ-8309-MF,1
ORD-892827867,2026-08-18,NMZ-7286-BF,3
ORD-639316797,2026-09-05,EEZ-4650-KQ,2
ORD-581606486,2026-06-26,QID-8246-VF,2
ORD-853498338,2025-12-26,QBC-4687-EB,5
ORD-712507883,2026-02-06,VGT-2396-BC,8
ORD-179558201,2026-05-22,QPV-6283-PP,2
ORD-308841813,2025-11-11,THE-4063-OD,9
ORD-124055145,2026-10-05,QPV-6283-PP,3
ORD-165033932,2026-03-18,ULC-5064-OU,8
ORD-761803125,2026-02-11,CKY-1584-BI,2
ORD-843129222,2026-03-03,LDE-5561-AB,8
ORD-718439347,2026-07-03,ENS-7914-CD,8
ORD-646201073,2026-06-30,SQJ-6851-MV,7
ORD-478779491,2026-08-06,OKQ-3335-LO,2
ORD-984804897,2026-08-23,OKQ-3335-LO,6
ORD-319855938,2025-11-28,WCV-3480-ZL,9
ORD-199237595,2026-05-07,HYP-6770-TJ,2
ORD-439332144,2026-09-13,QBC-4687-EB,5
ORD-798941456,2026-09-20,BMN-1138-NX,4
ORD-636879662,2026-04-24,WPN-1619-JK,5
ORD-601283747,2025-12-16,SIO-9071-VU,7
ORD-672178489,2026-01-28,YUJ-9932-TE,5
ORD-290364692,2026-04-11,AVQ-2602-GD,5
ORD-960156197,2025-12-12,JFG-4059-BT,9
ORD-382345926,2025-10-29,EDT-8993-ES,6
ORD-356955914,2025-11-09,ZRO-2494-CK,2
ORD-927233109,2026-09-18,ACX-7534-WZ,6
ORD-586750664,2026-02-08,YEX-1503-ZO,2
ORD-499714256,2026-06-20,VGT-2396-BC,1
ORD-602439453,2025-12-05,ULC-5064-OU,8
ORD-743188057,2026-09-04,KFZ-3438-UO,7
ORD-911247300,2026-02-11,AKW-6214-KB,3
ORD-892581727,2025-12-06,AKW-6214-KB,1
ORD-815988221,2026-01-03,TUG-8815-OQ,4
ORD-800954774,2025-10-10,WMO-2671-XI,3
ORD-321914772,2025-11-14,YUJ-9932-TE,4
ORD-691643311,2026-04-01,VJL-8744-XN,4
ORD-356259284,2026-05-19,UKF-2323-DR,2
ORD-335066915,2026-06-24,DWM-4266-IL,2
ORD-582259976,2026-06-27,TUG-8815-OQ,2
ORD-495006804,2025-12-12,BZZ-7801-GR,5
ORD-742946976,2026-03-09,ULC-5064-OU,2
ORD-952347639,2026-07-05,BMN-1138-NX,7
ORD-825284596,2026-07-03,VJL-8744-XN,2
ORD-488997863,2026-08-08,BMN-1138-NX,2
ORD-447916816,2026-09-02,XNY-4376-JR,7
ORD-409633276,2025-12-08,JLN-1757-ET,5
ORD-970021614,2026-05-18,XNY-4376-JR,9
ORD-145313960,2025-12-25,QIQ-4858-GV,8
ORD-909013037,2026-07-18,JLN-1757-ET,6
ORD-619971909,2026-06-16,AQO-4304-DP,9
ORD-237720180,2025-12-28,QBS-2485-VZ,7
ORD-745591142,2026-01-17,OKQ-3335-LO,6
ORD-275595389,2025-11-29,ZSW-4559-NC,4
ORD-157846002,2026-08-17,PKX-5138-CL,5
ORD-344804405,2026-03-09,ZSW-4559-NC,3
ORD-138212692,2026-02-04,XYZ-5564-JO,7
ORD-696323933,2026-05-27,DRP-8766-KZ,6
ORD-372261866,2026-10-06,BZZ-7801-GR,2
ORD-163784625,2026-05-09,EAG-6934-KP,2
ORD-290566605,2026-02-18,DRP-8766-KZ,2
ORD-576922182,2025-10-07,GAG-3018-XA,8
ORD-464543503,2026-06-29,DQH-3679-CN,4
ORD-568855246,2025-12-02,QPV-6283-PP,6
ORD-528768086,2026-02-03,OKQ-3335-LO,3
ORD-655498651,2026-08-11,RKL-1688-XW,6
ORD-302799023,2026-06-20,SQJ-6851-MV,2
ORD-324027567,2025-10-11,FDW-2974-MM,1
ORD-685517950,2026-01-07,JPC-4038-ZD,9
ORD-875769811,2026-03-12,WHL-3793-KN,8
ORD-920142186,2026-06-13,QIQ-4858-GV,7
ORD-103309839,2026-02-19,QBS-2485-VZ,3
ORD-992847060,2025-11-20,SQJ-6851-MV,7
ORD-575903941,2026-04-24,DQH-3679-CN,2
ORD-133911905,2026-08-15,TZE-7209-SJ,8
ORD-427108546,2026-04-24,WVS-7789-BM,5
ORD-706762898,2025-10-30,YFN-4144-LD,3
ORD-428976169,2026-10-03,QIQ-4858-GV,8
ORD-182398514,2026-07-26,AMV-7840-KA,5
ORD-896443788,2025-10-15,RKL-1688-XW,9
ORD-903973753,2026-08-10,BMN-1138-NX,5
ORD-464307050,2026-07-10,EEZ-4650-KQ,3
ORD-114191057,2025-10-23,UJL-8144-FB,6
ORD-310744878,2025-10-13,YFN-4144-LD,6
ORD-760251534,2026-07-30,AMV-7840-KA,7
ORD-370765597,2026-07-01,DIV-1664-AI,1
ORD-121459913,2026-01-22,DWM-4266-IL,8
ORD-415446904,2026-06-10,GAG-3018-XA,3
ORD-880830774,2026-09-05,DRP-8766-KZ,5
ORD-611812261,2025-10-10,GAG-3018-XA,2
ORD-424382263,2025-11-17,UKF-2323-DR,5
ORD-907802094,2026-02-04,AOX-2295-KX,1
ORD-798415293,2025-11-16,BMA-2606-MR,7
ORD-653746273,2026-05-04,VJL-8744-XN,3
ORD-617528604,2025-11-28,QIQ-4858-GV,3
ORD-656314413,2025-12-06,PKX-5138-CL,1
ORD-473388338,2026-09-26,AMV-7840-KA,7
ORD-494247205,2026-04-12,MZJ-2991-QZ,3
ORD-318063752,2025-12-04,ENS-7914-CD,4
ORD-204541507,2026-09-01,UKF-2323-DR,6
ORD-606699446,2026-04-14,QIQ-4858-GV,4
ORD-986780902,2026-07-23,DWM-4266-IL,5
ORD-920160469,2026-07-18,THE-4063-OD,6
ORD-878788007,2026-07-18,QPV-6283-PP,3
ORD-888439400,2026-07-09,LMR-3124-JD,6
ORD-808270506,2025-11-05,TEU-6306-DW,7
ORD-134167314,2025-11-16,BMN-1138-NX,7
ORD-887031906,2026-03-27,ACX-7534-WZ,1
ORD-526961142,2026-05-20,MOB-2662-PY,5
ORD-347601162,2025-12-22,WVS-7789-BM,1
ORD-695482900,2026-02-11,DQH-3679-CN,3
ORD-865841439,2026-08-03,MZY-9033-DB,6
ORD-309616619,2026-10-05,CYU-9231-WQ,1
ORD-320284342,2026-07-22,WEZ-8309-MF,1
ORD-190058152,2026-04-19,VGT-2396-BC,2
ORD-550449786,2026-06-03,VYE-3450-BC,8
ORD-218863270,2026-02-07,ENS-7914-CD,7
ORD-870405899,2026-05-08,CVP-4807-RY,6
ORD-717663362,2026-03-21,CYU-9231-WQ,3
ORD-797164333,2026-04-21,AOX-2295-KX,9
ORD-363664440,2026-08-11,DWM-4266-IL,2
ORD-770733994,2026-09-05,QIQ-4858-GV,9
ORD-671116125,2025-10-15,WEZ-8309-MF,9
ORD-816161015,2026-08-05,PLS-4578-QE,7
ORD-393985044,2026-07-02,XYZ-5564-JO,8
ORD-873735759,2026-04-20,TEU-6306-DW,5
ORD-955945559,2026-04-03,TAG-4030-WD,7
ORD-467025813,2026-02-11,UKU-3036-VW,7
ORD-814647311,2025-12-28,KFZ-3438-UO,3
ORD-558300904,2026-01-21,DWM-4266-IL,4
ORD-706205410,2026-08-08,MZY-9033-DB,4
ORD-586991387,2026-07-03,XNY-4376-JR,1
ORD-190854581,2025-10-08,FWV-4332-YB,8
ORD-439544335,2025-10-10,HYP-6770-TJ,6
ORD-230627645,2026-09-12,QBS-2485-VZ,4
ORD-154717625,2025-11-26,UJL-8144-FB,2
ORD-239296449,2025-11-17,BMN-1138-NX,5
ORD-719201084,2026-07-29,FDW-2974-MM,6
ORD-233033511,2026-09-08,GTS-2961-MC,5
ORD-717117576,2025-12-28,EEZ-4650-KQ,5
ORD-896309236,2026-09-05,LDE-5561-AB,4
ORD-118274468,2025-11-29,EEZ-4650-KQ,5
ORD-217988348,2025-12-09,UKU-3036-VW,6
ORD-410192734,2026-04-30,LMR-3124-JD,7
ORD-833956413,2026-03-25,MZJ-2991-QZ,2
ORD-101774183,2026-07-25,TEW-6083-MX,3
ORD-762169374,2026-08-29,THE-4063-OD,6
ORD-811031826,2025-12-30,WHL-3793-KN,3
ORD-466347442,2025-12-23,THE-4063-OD,8
ORD-624180639,2025-12-16,JAE-3474-IK,2
ORD-825665555,2026-07-15,JRJ-3044-RK,9
ORD-217654354,2026-08-24,WEZ-8309-MF,7
ORD-267642352,2026-03-16,QIQ-4858-GV,4
ORD-585738701,2026-06-02,ULC-5064-OU,4
ORD-992335309,2026-09-29,THE-4063-OD,7
ORD-159705800,2026-01-04,JLN-1757-ET,3
ORD-472968950,2026-06-05,UJL-8144-FB,2
ORD-757214625,2026-08-24,QIQ-4858-GV,6
ORD-238887138,2026-01-31,PKX-5138-CL,5
ORD-649139862,2026-06-15,QBC-4687-EB,5
ORD-537476227,2025-10-11,KBB-8886-NE,1
ORD-488771328,2026-03-28,SQU-4445-RD,9
ORD-249770087,2026-02-23,AQO-4304-DP,7
ORD-950952527,2026-05-31,ZRO-2494-CK,2
ORD-444366164,2026-09-11,LDE-5561-AB,1
ORD-525093015,2025-11-03,OLY-4120-OL,9
ORD-149744635,2026-03-01,MZJ-2991-QZ,3
ORD-253416202,2026-01-04,ZZD-5202-EU,9
ORD-419951319,2026-03-06,EDT-8993-ES,8
ORD-255510483,2026-04-24,WCV-3480-ZL,6
ORD-920906126,2026-01-15,UKU-3036-VW,9
ORD-565318082,2026-02-13,FDW-2974-MM,4
ORD-125909769,2025-11-04,ZRO-2494-CK,9
ORD-420779568,2026-07-30,UKF-2323-DR,8
ORD-578314854,2026-09-20,BMN-1138-NX,2
ORD-848813963,2025-11-29,AMV-7840-KA,6
ORD-333867959,2025-12-25,TEU-6306-DW,7
ORD-139196285,2026-01-27,QPV-6283-PP,8
ORD-516498889,2026-09-13,QBS-2485-VZ,5
ORD-155897242,2026-01-13,VYE-3450-BC,7
ORD-686593835,2026-01-21,DRP-8766-KZ,2
ORD-987184957,2026-06-24,DXC-6409-PR,8
ORD-965384109,2026-06-24,CKY-1584-BI,8
ORD-697292681,2026-02-18,ULC-5064-OU,8
ORD-554808493,2026-05-30,WHL-3793-KN,9
ORD-986943536,2026-04-13,YUJ-9932-TE,6
ORD-895763689,2026-05-04,JAE-3474-IK,7
ORD-133671107,2025-12-31,TUG-8815-OQ,3
ORD-835823479,2026-09-04,YFN-4144-LD,4
ORD-342638256,2026-09-04,MOB-2662-PY,1
ORD-621096342,2026-02-12,BZG-3397-DG,4
ORD-577567606,2025-10-15,NMZ-7286-BF,5
ORD-830728432,2026-07-05,ENS-7914-CD,3
ORD-476196315,2026-07-03,GTS-2961-MC,8
ORD-106810074,2026-04-16,PKX-5138-CL,3
ORD-770533744,2026-08-08,JAW-8357-TO,6
ORD-733735462,2026-09-04,SQU-4445-RD,2
ORD-390396226,2026-01-21,KBB-8886-NE,9
ORD-360778806,2026-07-17,VGT-2396-BC,5
ORD-222588811,2026-10-04,YEX-1503-ZO,6
ORD-251280936,2026-06-15,SMZ-2424-CZ,2
ORD-539827198,2026-05-06,UKU-3036-VW,1
ORD-922116429,2025-11-07,TZE-7209-SJ,3
ORD-797084944,2026-01-21,FWV-4332-YB,2
ORD-488898003,2026-03-13,EDT-8993-ES,3
ORD-390541682,2026-09-04,AVQ-2602-GD,1
ORD-702099222,2026-03-06,JAW-8357-TO,4
ORD-285946817,2026-04-26,EAG-6934-KP,6
ORD-121773079,2025-10-14,QPV-6283-PP,1
ORD-122507838,2026-08-01,ATG-6478-FH,8
ORD-960762154,2026-08-17,WHB-9752-TV,9
ORD-668753646,2025-10-19,SMZ-2424-CZ,9
ORD-327151765,2026-04-01,VAR-7973-TD,2
ORD-830433540,2026-06-19,CVP-4807-RY,1
ORD-697591705,2025-11-04,LDE-5561-AB,5
ORD-759539359,2026-03-09,AMV-7840-KA,5
ORD-840236188,2025-12-16,JAW-8357-TO,6
ORD-374244173,2026-09-17,XYZ-5564-JO,8
ORD-904669928,2026-01-03,ZMT-4826-ZA,8
ORD-353372047,2026-07-26,EDT-8993-ES,5
ORD-337274746,2026-01-23,JLN-1757-ET,6
ORD-201526353,2026-05-28,LDE-5561-AB,8
ORD-696168585,2025-12-05,DIV-1664-AI,8
ORD-282471643,2026-06-21,ULC-5064-OU,8
ORD-322973133,2026-06-22,KFZ-3438-UO,1
ORD-298652052,2026-02-25,FWV-4332-YB,9
ORD-491485829,2026-02-14,WCV-3480-ZL,4
ORD-724577891,2026-04-20,EDT-8993-ES,4
ORD-767102851,2025-12-27,LDE-5561-AB,9
ORD-114434668,2026-08-29,BMN-1138-NX,1
ORD-949071111,2026-07-17,WHL-3793-KN,7
ORD-438657689,2026-02-11,JLN-1757-ET,5
ORD-154118808,2025-11-24,EEZ-4650-KQ,6
ORD-903698693,2026-01-08,JRJ-3044-RK,7
ORD-874180856,2026-05-29,BZZ-7801-GR,5
ORD-628087120,2025-10-13,MOB-2662-PY,7
ORD-635620537,2025-12-02,AOX-2295-KX,6
ORD-218799513,2026-10-04,BMN-1138-NX,3
ORD-141659749,2025-10-22,BZZ-7801-GR,2
ORD-489028138,2026-07-01,ULC-5064-OU,6
ORD-851071032,2026-08-17,SMZ-2424-CZ,2
ORD-923733330,2026-08-07,HXK-2031-GS,8
ORD-824235501,2026-09-05,JFG-4059-BT,3
ORD-176073337,2025-12-28,JRJ-3044-RK,3
ORD-351958093,2026-02-15,WPN-1619-JK,9
ORD-335587258,2026-01-10,OLY-4120-OL,4
ORD-905810805,2025-11-23,DIV-1664-AI,4
ORD-197303373,2026-08-06,SQU-4445-RD,5
ORD-693051729,2026-01-07,YEX-1503-ZO,2
ORD-508390380,2026-03-06,WPN-1619-JK,1
ORD-822555971,2026-08-12,GAG-3018-XA,3
ORD-467879806,2026-05-15,OLY-4120-OL,5
ORD-413656142,2026-04-11,PKX-5138-CL,5
ORD-350945124,2026-05-26,UJL-8144-FB,3
ORD-939897426,2026-01-04,AQO-4304-DP,2
ORD-870112334,2026-04-26,JRJ-3044-RK,6
